Chr	Start	End	strand	pvalue	qvalue	meth.diff	PeakID..cmd.annotatePeaks.pl.results.E18pt5_vs_Week4_diff_25p_05q_hypo.tsv.mm10.	Strand	Peak.Score	Focus.Ratio.Region.Size	Annotation	Detailed.Annotation	Distance.to.TSS	Nearest.PromoterID	Entrez.ID	Nearest.Unigene	Nearest.Refseq	Nearest.Ensembl	Gene.Name	Gene.Alias	Gene.Description	Gene.Type
chr1	84963695	84963695	+	0.000809211175280773	0.0213493038815313	-30.6122448979592	1	+	0.000809211175280773	NA	Intergenic	Intergenic	-28612	NM_027921	71781	NA	NM_027921	ENSMUSG00000026220	Slc16a14	1110004H10Rik	solute carrier family 16 (monocarboxylic acid transporters), member 14	protein-coding
chr1	85071071	85071071	+	0.00171349589076094	0.0378607950938685	-32.0930232558139	1-2	+	0.00171349589076094	NA	Intergenic	Intergenic	-35022	NR_163968	621875	NA	NM_001037910	ENSMUSG00000072109	A530040E14Rik	-	RIKEN cDNA A530040E14 gene	ncRNA
chr1	85507682	85507682	+	0.00227709664559043	0.0476909163000518	-32.1590909090909	1-3	+	0.00227709664559043	NA	Intergenic	Intergenic	-37133	NM_001378663	101055758	NA	NM_001378663	ENSMUSG00000118607	Gm7592	EG665338	predicted gene 7592	protein-coding
chr1	88258921	88258921	+	2.91014974000099e-06	0.000191945171538453	-33.1617647058824	1-4	+	2.91014974000099e-06	NA	TTS (NM_198652)	TTS (NM_198652)	10487	NR_040291	78605	NA	NR_040291		6430706D22Rik	-	RIKEN cDNA 6430706D22 gene	ncRNA
chr1	88259219	88259219	+	5.83889320212518e-05	0.00229358409234322	-26.4119850187266	1-5	+	5.83889320212518e-05	NA	exon (NM_001281466, exon 40 of 42)	exon (NM_001281466, exon 40 of 42)	10189	NR_040291	78605	NA	NR_040291		6430706D22Rik	-	RIKEN cDNA 6430706D22 gene	ncRNA
chr1	88259318	88259318	+	0.000890313158608994	0.023041923920564	-25.9893048128342	1-6	+	0.000890313158608994	NA	3' UTR (NM_198652, exon 8 of 8)	3' UTR (NM_198652, exon 8 of 8)	10090	NR_040291	78605	NA	NR_040291		6430706D22Rik	-	RIKEN cDNA 6430706D22 gene	ncRNA
chr1	88260797	88260797	+	8.62892903228002e-05	0.00317108928857478	-26.7715680954965	1-7	+	8.62892903228002e-05	NA	3' UTR (NM_198652, exon 8 of 8)	3' UTR (NM_198652, exon 8 of 8)	8611	NR_040291	78605	NA	NR_040291		6430706D22Rik	-	RIKEN cDNA 6430706D22 gene	ncRNA
chr1	88262169	88262169	+	1.74283116772817e-05	0.000837151672360868	-40.6417112299465	1-8	+	1.74283116772817e-05	NA	TTS (NR_040291)	TTS (NR_040291)	7239	NR_040291	78605	NA	NR_040291		6430706D22Rik	-	RIKEN cDNA 6430706D22 gene	ncRNA
chr1	88262336	88262336	+	7.13769085915523e-08	8.52496625801952e-06	-61.1111111111111	1-9	+	7.13769085915523e-08	NA	TTS (NM_001281466)	TTS (NM_001281466)	7072	NR_040291	78605	NA	NR_040291		6430706D22Rik	-	RIKEN cDNA 6430706D22 gene	ncRNA
chr1	88262359	88262359	+	0.000104232818570693	0.00369974497339356	-43.5109717868339	1-10	+	0.000104232818570693	NA	TTS (NM_001281466)	TTS (NM_001281466)	7049	NR_040291	78605	NA	NR_040291		6430706D22Rik	-	RIKEN cDNA 6430706D22 gene	ncRNA
chr1	88262394	88262394	+	2.09751403687435e-07	2.2069487293646e-05	-47.8835978835979	1-11	+	2.09751403687435e-07	NA	TTS (NM_001281466)	TTS (NM_001281466)	7014	NR_040291	78605	NA	NR_040291		6430706D22Rik	-	RIKEN cDNA 6430706D22 gene	ncRNA
chr1	88262406	88262406	+	2.8537959491541e-15	1.57641147920485e-12	-67.6814988290398	1-12	+	2.8537959491541e-15	NA	TTS (NM_001281466)	TTS (NM_001281466)	7002	NR_040291	78605	NA	NR_040291		6430706D22Rik	-	RIKEN cDNA 6430706D22 gene	ncRNA
chr1	88276776	88276776	+	0.000183122094699461	0.00607309658824055	-26.2896825396825	1-13	+	0.000183122094699461	NA	intron (NM_172505, intron 2 of 4)	intron (NM_172505, intron 2 of 4)	781	NM_172505	212427	NA	NM_172505		A730008H23Rik	Fleg1	RIKEN cDNA A730008H23 gene	protein-coding
chr1	88279555	88279555	+	3.69763530919692e-05	0.00152747568360477	-31.267217630854	1-14	+	3.69763530919692e-05	NA	Intergenic	Intergenic	-1976	NM_198652	381280	NA	NM_198652	ENSMUSG00000044783	Hjurp	6430706D22Rik|A730008H23Rik|C330011F01Rik|Gm975|Mfleg1	Holliday junction recognition protein	protein-coding
chr1	88279611	88279611	+	4.59842812473032e-07	4.18990641339943e-05	-37.9310344827586	1-15	+	4.59842812473032e-07	NA	Intergenic	B3A|SINE|B2	-2032	NM_198652	381280	NA	NM_198652	ENSMUSG00000044783	Hjurp	6430706D22Rik|A730008H23Rik|C330011F01Rik|Gm975|Mfleg1	Holliday junction recognition protein	protein-coding
chr11	3125971	3125971	+	3.84975002933008e-07	3.61968961292549e-05	-29.5384615384615	1-16	+	3.84975002933008e-07	NA	non-coding (NR_003517, exon 2 of 7)	non-coding (NR_003517, exon 2 of 7)	1969	NR_003517	236604	NA	NM_001004146	ENSMUSG00000121500	Pisd-ps1	-	phosphatidylserine decarboxylase, pseudogene 1	pseudo
chr11	3128980	3128980	+	2.04565322533487e-11	6.02667003872963e-09	-35.9674329501916	1-17	+	2.04565322533487e-11	NA	non-coding (NR_003517, exon 4 of 7)	non-coding (NR_003517, exon 4 of 7)	4978	NR_003517	236604	NA	NM_001004146	ENSMUSG00000121500	Pisd-ps1	-	phosphatidylserine decarboxylase, pseudogene 1	pseudo
chr11	3133525	3133525	+	1.50509652099945e-35	2.95609571754884e-32	-27.5791430032196	1-18	+	1.50509652099945e-35	NA	intron (NM_001363224, intron 25 of 28)	PB1D10|SINE|Alu	9523	NR_003517	236604	NA	NM_001004146	ENSMUSG00000121500	Pisd-ps1	-	phosphatidylserine decarboxylase, pseudogene 1	pseudo
chr12	119556672	119556672	+	0.000429877094417757	0.0122758141724795	-47.2934472934473	1-19	+	0.000429877094417757	NA	Intergenic	IAPEY3-int|LTR|ERVK	113262	NM_001163136	238455	NA	NM_001163136	ENSMUSG00000041886	Macc1	4732474O15Rik|Gm267	metastasis associated in colon cancer 1	protein-coding
chr12	119556685	119556685	+	3.06491851985342e-06	0.000200655846867958	-61.9252873563218	1-20	+	3.06491851985342e-06	NA	Intergenic	IAPEY3-int|LTR|ERVK	113275	NM_001163136	238455	NA	NM_001163136	ENSMUSG00000041886	Macc1	4732474O15Rik|Gm267	metastasis associated in colon cancer 1	protein-coding
chr13	66469662	66469662	+	0.00210969086872379	0.0447994370207118	-34.7402597402597	1-21	+	0.00210969086872379	NA	Intergenic	Intergenic	-28544	NM_001290196	76803	NA	NM_183119	ENSMUSG00000074832	Zfp998	2410141K09Rik|4930482J15Rik|Ayu21-35|Gt(pU21)35Imeg|Snerv1	zinc finger protein 998	protein-coding
chr13	66474180	66474180	+	2.67718118279684e-05	0.00118489964726429	-56.1076604554865	1-22	+	2.67718118279684e-05	NA	Intergenic	B2_Mm2|SINE|B2	-33062	NM_001290196	76803	NA	NM_183119	ENSMUSG00000074832	Zfp998	2410141K09Rik|4930482J15Rik|Ayu21-35|Gt(pU21)35Imeg|Snerv1	zinc finger protein 998	protein-coding
chr14	44527459	44527459	+	0.000279312133090017	0.00860150723443851	-43.7275985663082	1-23	+	0.000279312133090017	NA	Intergenic	Lx2|LINE|L1	27337	NM_198677	385138	NA	NM_198677	ENSMUSG00000072145	BC061237	-	cDNA sequence BC061237	protein-coding
chr16	3127919	3127919	+	0.00237177711075883	0.0491233444248169	-25.4310344827586	1-24	+	0.00237177711075883	NA	Intergenic	RLTR11A|LTR|ERVK	-464479	NM_146860	258859	NA	NM_146860	ENSMUSG00000051003	Or1f19	MOR131-1|OR912-47M6|Olfr161	olfactory receptor family 1 subfamily F member 19	protein-coding
chr16	3245167	3245167	+	0.00137440889784881	0.0321359255386266	-25.4840397697541	1-25	+	0.00137440889784881	NA	Intergenic	IAPLTR4|LTR|ERVK	-347231	NM_146860	258859	NA	NM_146860	ENSMUSG00000051003	Or1f19	MOR131-1|OR912-47M6|Olfr161	olfactory receptor family 1 subfamily F member 19	protein-coding
chr17	3079414	3079414	+	7.73429564213296e-23	9.7653852931758e-20	-28.330238666727	1-26	+	7.73429564213296e-23	NA	non-coding (NR_003519, exon 3 of 8)	non-coding (NR_003519, exon 3 of 8)	4769	NR_003519	328734	NA	NR_003519		Pisd-ps2	D030013I16Rik	phosphatidylserine decarboxylase, pseudogene 2	pseudo
chr17	3079539	3079539	+	1.68868576158002e-21	1.99000529671448e-18	-26.1886600559369	1-27	+	1.68868576158002e-21	NA	non-coding (NR_003519, exon 3 of 8)	non-coding (NR_003519, exon 3 of 8)	4644	NR_003519	328734	NA	NR_003519		Pisd-ps2	D030013I16Rik	phosphatidylserine decarboxylase, pseudogene 2	pseudo
chr2	151288986	151288986	+	0.000311080647996717	0.00938365492774253	-35	1-28	+	0.000311080647996717	NA	Intergenic	L1Md_Gf|LINE|L1	-10122	NR_166458	102632613	NA	NR_166458	ENSMUSG00000087337	Gm14144	-	predicted gene 14144	ncRNA
chr4	3225665	3225665	+	0.00035059187126891	0.0103632818135166	-28.3982683982684	1-29	+	0.00035059187126891	NA	Intergenic	Intergenic	-5517	NR_166062	108168923	NA	NR_166062		Gm46840	-	predicted gene, 46840	ncRNA
chr5	14903538	14903538	+	1.31203415883279e-05	0.000658017931370591	-34.3776106934002	1-30	+	1.31203415883279e-05	NA	Intergenic	Intergenic	11351	NM_198666	381714	NA	NM_198666	ENSMUSG00000033219	Gm9758	-	predicted gene 9758	protein-coding
chr5	14933782	14933782	+	0.000185115313147436	0.00612770344125116	-35.2713178294574	1-31	+	0.000185115313147436	NA	3' UTR (NM_001122661, exon 5 of 5)	3' UTR (NM_001122661, exon 5 of 5)	4693	NM_001122661	624245	NA	NM_001122661	ENSMUSG00000091255	Speer4e1	Speer4e	spermatogenesis associated glutamate (E)-rich protein 4E1	protein-coding
chr5	14954463	14954463	+	9.87321847022161e-05	0.00352044780447154	-26.8509458577952	1-32	+	9.87321847022161e-05	NA	intron (NR_001584, intron 1 of 3)	Lx|LINE|L1	9169	NR_001584	74062	NA	NR_001584		Speer8-ps1	4933405L09Rik|SPEER-8|Speer8-ps	spermatogenesis associated glutamate (E)-rich protein 8, pseudogene 1	pseudo
chr5	14973475	14973475	+	7.19772058350299e-06	0.000397793804724652	-27.9694101288839	1-33	+	7.19772058350299e-06	NA	intron (NR_001584, intron 2 of 3)	intron (NR_001584, intron 2 of 3)	5424	NM_001281514	100503549	NA	NM_001281514	ENSMUSG00000072188	Speer4e2	Gm10354	spermatogenesis associated glutamate (E)-rich protein 4E2	protein-coding
chr5	14989822	14989822	+	3.2212152134236e-11	8.89685305099585e-09	-70.6521739130435	1-34	+	3.2212152134236e-11	NA	Intergenic	MTEa|LTR|ERVL-MaLR	-10923	NM_001281514	100503549	NA	NM_001281514	ENSMUSG00000072188	Speer4e2	Gm10354	spermatogenesis associated glutamate (E)-rich protein 4E2	protein-coding
chr5	14989859	14989859	+	1.85809304095201e-06	0.000130855019088897	-56.8877551020408	1-35	+	1.85809304095201e-06	NA	Intergenic	MTEa|LTR|ERVL-MaLR	-10960	NM_001281514	100503549	NA	NM_001281514	ENSMUSG00000072188	Speer4e2	Gm10354	spermatogenesis associated glutamate (E)-rich protein 4E2	protein-coding
chr5	14994757	14994757	+	0.00173004434853891	0.0381311161343408	-28.7878787878788	1-36	+	0.00173004434853891	NA	Intergenic	B1F|SINE|Alu	-15858	NM_001281514	100503549	NA	NM_001281514	ENSMUSG00000072188	Speer4e2	Gm10354	spermatogenesis associated glutamate (E)-rich protein 4E2	protein-coding
chr5	15000019	15000019	+	1.88316127496471e-06	0.000131572050631068	-51.9021739130435	1-37	+	1.88316127496471e-06	NA	Intergenic	MMERVK10C-int|LTR|ERVK	-21120	NM_001281514	100503549	NA	NM_001281514	ENSMUSG00000072188	Speer4e2	Gm10354	spermatogenesis associated glutamate (E)-rich protein 4E2	protein-coding
chr5	15022882	15022882	+	3.19788237150184e-05	0.0013588321200148	-31.3875786163522	1-38	+	3.19788237150184e-05	NA	Intergenic	Intergenic	10125	NM_182957	66773	NA	NM_182957	ENSMUSG00000091897	Gm17019	-	predicted gene 17019	protein-coding
chr5	15061542	15061542	+	5.5131508237742e-06	0.00031951899694765	-34.1269841269841	1-39	+	5.5131508237742e-06	NA	Intergenic	RLTR10C|LTR|ERVK	-28535	NM_182957	66773	NA	NM_182957	ENSMUSG00000091897	Gm17019	-	predicted gene 17019	protein-coding
chr5	15462596	15462596	+	0.000252838087383501	0.00788894705293472	-28.782172002511	1-40	+	0.000252838087383501	NA	Intergenic	Intergenic	13940	NM_001374725	100861702	NA	NM_001374725	ENSMUSG00000099762	Gm21149	-	predicted gene, 21149	protein-coding
chr5	15498093	15498093	+	3.00310633966758e-06	0.000197339980352213	-39.1470749043193	1-41	+	3.00310633966758e-06	NA	Intergenic	Intergenic	-21557	NM_001374725	100861702	NA	NM_001374725	ENSMUSG00000099762	Gm21149	-	predicted gene, 21149	protein-coding
chr5	15604032	15604032	+	6.33198301351809e-06	0.00035874164640253	-27.9086066722736	1-42	+	6.33198301351809e-06	NA	Intergenic	Intergenic	-15067	NM_025759	360220	NA	NM_025759	ENSMUSG00000070933	Speer4d	4933431D05Rik|SPEER-4D	spermatogenesis associated glutamate (E)-rich protein 4D	protein-coding
chr5	15610155	15610155	+	1.45208622228499e-07	1.60671000657056e-05	-30.0631735414344	1-43	+	1.45208622228499e-07	NA	Intergenic	Intergenic	-8944	NM_025759	360220	NA	NM_025759	ENSMUSG00000070933	Speer4d	4933431D05Rik|SPEER-4D	spermatogenesis associated glutamate (E)-rich protein 4D	protein-coding
chr5	15631475	15631475	+	0.000554683510041432	0.0153201116711609	-28.8700564971751	1-44	+	0.000554683510041432	NA	Intergenic	Intergenic	12376	NM_025759	360220	NA	NM_025759	ENSMUSG00000070933	Speer4d	4933431D05Rik|SPEER-4D	spermatogenesis associated glutamate (E)-rich protein 4D	protein-coding
chr5	15680104	15680104	+	1.21624117927252e-06	9.42934457601202e-05	-32.078853046595	1-45	+	1.21624117927252e-06	NA	promoter-TSS (NR_001585)	promoter-TSS (NR_001585)	-606	NR_001585	75858	NA	NR_001585	ENSMUSG00000089871	Speer4cos	4930568L21Rik|SPEER-7|Speer7-ps|Speer7-ps1	spermatogenesis associated glutamate (E)-rich protein 4C, opposite strand transcript	pseudo
chr5	15680643	15680643	+	6.58764112668234e-11	1.73800803266485e-08	-33.5190615835777	1-46	+	6.58764112668234e-11	NA	promoter-TSS (NR_001585)	promoter-TSS (NR_001585)	-67	NR_001585	75858	NA	NR_001585	ENSMUSG00000089871	Speer4cos	4930568L21Rik|SPEER-7|Speer7-ps|Speer7-ps1	spermatogenesis associated glutamate (E)-rich protein 4C, opposite strand transcript	pseudo
chr5	15709425	15709425	+	6.87003089393661e-14	3.11380013302687e-11	-62.1468926553672	1-47	+	6.87003089393661e-14	NA	TTS (NM_001281511)	TTS (NM_001281511)	4846	NM_001281511	100502967	NA	NM_001281511	ENSMUSG00000073208	Speer4c1	4933431D05Rik|SPEER-4C|Speer4c	spermatogenesis associated glutamate (E)-rich protein 4C1	protein-coding
chr5	32739345	32739345	+	7.49087464748495e-09	1.20375053822153e-06	-29.0274942448856	1-48	+	7.49087464748495e-09	NA	exon (NM_177298, exon 4 of 8)	exon (NM_177298, exon 4 of 8)	6997	NM_001347332	320951	NA	NM_177298	ENSMUSG00000023452	Pisd	9030221M09Rik	phosphatidylserine decarboxylase	protein-coding
chr7	11606520	11606520	+	0.00154106226361938	0.0348345402203277	-31.3247863247863	1-49	+	0.00154106226361938	NA	Intergenic	MuRRS-int|LTR|ERV1	63999	NM_145843	252905	NA	NM_145843	ENSMUSG00000095430	Vmn1r72	V1rg1	vomeronasal 1 receptor 72	protein-coding
chr8	20511928	20511928	+	0.000316840077739246	0.0095411046588842	-26.9444444444444	1-50	+	0.000316840077739246	NA	Intergenic	Intergenic	-87114	NR_028428	381598	NA	NM_001024708	ENSMUSG00000121345	2610005L07Rik	2810038F24Rik|6720476A01Rik	cadherin 11 pseudogene	pseudo
chr8	20548572	20548572	+	0.00109885795641047	0.0273235720995926	-28.7171229200215	1-51	+	0.00109885795641047	NA	Intergenic	Intergenic	-66355	NM_001270553	100861668	NA	NM_001270553	ENSMUSG00000095294	Potefam3b	Gm21119|Pote3b	POTE ankyrin domain family member 3B	protein-coding
chr8	20590760	20590760	+	0.00178804020000845	0.0391512420163906	-28.4458398744113	1-52	+	0.00178804020000845	NA	Intergenic	Intergenic	-24167	NM_001270553	100861668	NA	NM_001270553	ENSMUSG00000095294	Potefam3b	Gm21119|Pote3b	POTE ankyrin domain family member 3B	protein-coding
chr8	20592703	20592703	+	0.00100128213959478	0.0252484720563319	-29.9248120300752	1-53	+	0.00100128213959478	NA	Intergenic	Intergenic	-22224	NM_001270553	100861668	NA	NM_001270553	ENSMUSG00000095294	Potefam3b	Gm21119|Pote3b	POTE ankyrin domain family member 3B	protein-coding
chrX	169973121	169973121	+	0.000146565821196385	0.00492542387656305	-37.3333333333333	1-55	+	0.000146565821196385	NA	intron (NM_001290504, intron 3 of 9)	intron (NM_001290504, intron 3 of 9)	5796	NR_029457	654820	NA	NM_001039559	ENSMUSG00000072844	G530011O06Rik	-	RIKEN cDNA G530011O06 gene	ncRNA
chrX	169979068	169979068	+	4.70261882523252e-07	4.26286732902683e-05	-35.2941176470588	1-56	+	4.70261882523252e-07	NA	promoter-TSS (NR_029457)	promoter-TSS (NR_029457)	-151	NR_029457	654820	NA	NM_001039559	ENSMUSG00000072844	G530011O06Rik	-	RIKEN cDNA G530011O06 gene	ncRNA
chrX	169979078	169979078	+	0.000113842215642795	0.0039927254954205	-30.4935370152761	1-57	+	0.000113842215642795	NA	promoter-TSS (NR_029457)	promoter-TSS (NR_029457)	-161	NR_029457	654820	NA	NM_001039559	ENSMUSG00000072844	G530011O06Rik	-	RIKEN cDNA G530011O06 gene	ncRNA
chrX	169979170	169979170	+	0.000208085510087395	0.00673349062495121	-32.7317073170732	1-58	+	0.000208085510087395	NA	promoter-TSS (NR_029457)	promoter-TSS (NR_029457)	-253	NR_029457	654820	NA	NM_001039559	ENSMUSG00000072844	G530011O06Rik	-	RIKEN cDNA G530011O06 gene	ncRNA
chrX	169979204	169979204	+	3.33269928939643e-07	3.23684118046483e-05	-39.9716656547258	1-59	+	3.33269928939643e-07	NA	promoter-TSS (NR_029457)	promoter-TSS (NR_029457)	-287	NR_029457	654820	NA	NM_001039559	ENSMUSG00000072844	G530011O06Rik	-	RIKEN cDNA G530011O06 gene	ncRNA
chrX	169979253	169979253	+	0.000410461882876092	0.0118168333742324	-30.3875968992248	1-60	+	0.000410461882876092	NA	promoter-TSS (NR_029457)	promoter-TSS (NR_029457)	-336	NR_029457	654820	NA	NM_001039559	ENSMUSG00000072844	G530011O06Rik	-	RIKEN cDNA G530011O06 gene	ncRNA
chrX	169979278	169979278	+	1.43894357751724e-07	1.60671000657056e-05	-36.8131868131868	1-61	+	1.43894357751724e-07	NA	promoter-TSS (NR_029457)	promoter-TSS (NR_029457)	-361	NR_029457	654820	NA	NM_001039559	ENSMUSG00000072844	G530011O06Rik	-	RIKEN cDNA G530011O06 gene	ncRNA
chrX	169979281	169979281	+	0.000228079357336008	0.00726838564625151	-30.4865424430642	1-62	+	0.000228079357336008	NA	promoter-TSS (NR_029457)	promoter-TSS (NR_029457)	-364	NR_029457	654820	NA	NM_001039559	ENSMUSG00000072844	G530011O06Rik	-	RIKEN cDNA G530011O06 gene	ncRNA
chrX	169979293	169979293	+	7.13709918195798e-07	5.95089819942202e-05	-41.7613636363636	1-63	+	7.13709918195798e-07	NA	promoter-TSS (NR_029457)	promoter-TSS (NR_029457)	-376	NR_029457	654820	NA	NM_001039559	ENSMUSG00000072844	G530011O06Rik	-	RIKEN cDNA G530011O06 gene	ncRNA
chrX	169979300	169979300	+	2.57353630460439e-05	0.00115753571199272	-34.1090425531915	1-64	+	2.57353630460439e-05	NA	promoter-TSS (NR_029457)	promoter-TSS (NR_029457)	-383	NR_029457	654820	NA	NM_001039559	ENSMUSG00000072844	G530011O06Rik	-	RIKEN cDNA G530011O06 gene	ncRNA
chrX	169979321	169979321	+	9.87831648970816e-05	0.00352044780447154	-31.9565217391304	1-65	+	9.87831648970816e-05	NA	promoter-TSS (NR_029457)	promoter-TSS (NR_029457)	-404	NR_029457	654820	NA	NM_001039559	ENSMUSG00000072844	G530011O06Rik	-	RIKEN cDNA G530011O06 gene	ncRNA
chrX	169979324	169979324	+	0.000973561016638111	0.0246903386822498	-26.8421052631579	1-66	+	0.000973561016638111	NA	promoter-TSS (NR_029457)	promoter-TSS (NR_029457)	-407	NR_029457	654820	NA	NM_001039559	ENSMUSG00000072844	G530011O06Rik	-	RIKEN cDNA G530011O06 gene	ncRNA
chrX	169979328	169979328	+	7.81163917736125e-05	0.00294085003339324	-30.2274394717535	1-67	+	7.81163917736125e-05	NA	promoter-TSS (NR_029457)	promoter-TSS (NR_029457)	-411	NR_029457	654820	NA	NM_001039559	ENSMUSG00000072844	G530011O06Rik	-	RIKEN cDNA G530011O06 gene	ncRNA
chrX	169979334	169979334	+	2.79126712689773e-05	0.00122431453251945	-30.6887847097007	1-68	+	2.79126712689773e-05	NA	promoter-TSS (NR_029457)	promoter-TSS (NR_029457)	-417	NR_029457	654820	NA	NM_001039559	ENSMUSG00000072844	G530011O06Rik	-	RIKEN cDNA G530011O06 gene	ncRNA
chrX	169979338	169979338	+	3.52234721009993e-05	0.00147542236559783	-33.5531004989309	1-69	+	3.52234721009993e-05	NA	promoter-TSS (NR_029457)	promoter-TSS (NR_029457)	-421	NR_029457	654820	NA	NM_001039559	ENSMUSG00000072844	G530011O06Rik	-	RIKEN cDNA G530011O06 gene	ncRNA
chrX	169979377	169979377	+	1.95192870840537e-06	0.000134778505425019	-38.7085137085137	1-70	+	1.95192870840537e-06	NA	promoter-TSS (NR_029457)	promoter-TSS (NR_029457)	-460	NR_029457	654820	NA	NM_001039559	ENSMUSG00000072844	G530011O06Rik	-	RIKEN cDNA G530011O06 gene	ncRNA
chrX	169979408	169979408	+	0.00151313954030148	0.0344678273331133	-25.264116575592	1-71	+	0.00151313954030148	NA	promoter-TSS (NR_029457)	promoter-TSS (NR_029457)	-491	NR_029457	654820	NA	NM_001039559	ENSMUSG00000072844	G530011O06Rik	-	RIKEN cDNA G530011O06 gene	ncRNA
chrX	169979414	169979414	+	1.67502188628632e-05	0.000811193143892045	-35.3355580274379	1-72	+	1.67502188628632e-05	NA	promoter-TSS (NR_029457)	promoter-TSS (NR_029457)	-497	NR_029457	654820	NA	NM_001039559	ENSMUSG00000072844	G530011O06Rik	-	RIKEN cDNA G530011O06 gene	ncRNA
chrX	170005333	170005333	+	2.4126288381494e-05	0.00109350949262898	-32.4346294540035	1-73	+	2.4126288381494e-05	NA	Intergenic	PB1D7|SINE|Alu	-26416	NR_029457	654820	NA	NM_001039559	ENSMUSG00000072844	G530011O06Rik	-	RIKEN cDNA G530011O06 gene	ncRNA
chrX	170005357	170005357	+	0.000552021145387265	0.0152943732608068	-27.0709640938649	1-74	+	0.000552021145387265	NA	Intergenic	Intergenic	-26440	NR_029457	654820	NA	NM_001039559	ENSMUSG00000072844	G530011O06Rik	-	RIKEN cDNA G530011O06 gene	ncRNA
chrX	170005372	170005372	+	1.4811992115151e-05	0.000727290008465528	-31	1-75	+	1.4811992115151e-05	NA	Intergenic	Intergenic	-26455	NR_029457	654820	NA	NM_001039559	ENSMUSG00000072844	G530011O06Rik	-	RIKEN cDNA G530011O06 gene	ncRNA
chrX	5367675	5367675	+	0.00063690811644081	0.0172145504134388	-37.0967741935484	1-54	+	0.00063690811644081	NA	Intergenic	MuRRS-int|LTR|ERV1	101590	NM_010850	17870	NA	NM_010850	ENSMUSG00000044597	Mycs	-	myc-like oncogene, s-myc protein	protein-coding
chrY	90740540	90740540	+	0.000535423373814934	0.0149328621267187	-29.2572463768116	1-76	+	0.000535423373814934	NA	Intergenic	Intergenic	14510	NR_137283	654820	NA	NM_001039559	ENSMUSG00000072844	G530011O06Rik	-	RIKEN cDNA G530011O06 gene	ncRNA
chrY	90740548	90740548	+	0.000543993824796341	0.0151193633433069	-29.8305860805861	1-77	+	0.000543993824796341	NA	Intergenic	Intergenic	14502	NR_137283	654820	NA	NM_001039559	ENSMUSG00000072844	G530011O06Rik	-	RIKEN cDNA G530011O06 gene	ncRNA
chrY	90799354	90799354	+	0.000222705832939168	0.0071316359244203	-26.2013729977117	1-78	+	0.000222705832939168	NA	intron (NR_137282, intron 2 of 2)	intron (NR_137282, intron 2 of 2)	13912	NR_137282	170942	NA	NM_133362		Erdr1x	Erdr1|Gm21887|Gm55594|edr	erythroid differentiation regulator 1 x	protein-coding
chrY	90799391	90799391	+	0.000147001075458624	0.00493067692150548	-26.4069264069264	1-79	+	0.000147001075458624	NA	intron (NR_137282, intron 2 of 2)	intron (NR_137282, intron 2 of 2)	13949	NR_137282	170942	NA	NM_133362		Erdr1x	Erdr1|Gm21887|Gm55594|edr	erythroid differentiation regulator 1 x	protein-coding
chrY	90799436	90799436	+	0.000139650617533388	0.00475633190124738	-28.6016949152542	1-80	+	0.000139650617533388	NA	intron (NR_137282, intron 2 of 2)	intron (NR_137282, intron 2 of 2)	13994	NR_137282	170942	NA	NM_133362		Erdr1x	Erdr1|Gm21887|Gm55594|edr	erythroid differentiation regulator 1 x	protein-coding
chrY	90800715	90800715	+	2.38791874580738e-05	0.00108509207945633	-30.1467016418925	1-81	+	2.38791874580738e-05	NA	intron (NR_137282, intron 2 of 2)	intron (NR_137282, intron 2 of 2)	15273	NR_137282	170942	NA	NM_133362		Erdr1x	Erdr1|Gm21887|Gm55594|edr	erythroid differentiation regulator 1 x	protein-coding
chrY	90800756	90800756	+	1.03096245099759e-05	0.000535994805461827	-29.5025417574437	1-82	+	1.03096245099759e-05	NA	intron (NR_137282, intron 2 of 2)	intron (NR_137282, intron 2 of 2)	15314	NR_137282	170942	NA	NM_133362		Erdr1x	Erdr1|Gm21887|Gm55594|edr	erythroid differentiation regulator 1 x	protein-coding
chrY	90800777	90800777	+	2.47951082995315e-08	3.4556588165332e-06	-36.9241192411924	1-83	+	2.47951082995315e-08	NA	intron (NR_137282, intron 2 of 2)	intron (NR_137282, intron 2 of 2)	15335	NR_137282	170942	NA	NM_133362		Erdr1x	Erdr1|Gm21887|Gm55594|edr	erythroid differentiation regulator 1 x	protein-coding
chrY	90803629	90803629	+	1.3272523605617e-05	0.00065902237250992	-28.5111662531017	1-84	+	1.3272523605617e-05	NA	intron (NR_137282, intron 2 of 2)	intron (NR_137282, intron 2 of 2)	18187	NR_137282	170942	NA	NM_133362		Erdr1x	Erdr1|Gm21887|Gm55594|edr	erythroid differentiation regulator 1 x	protein-coding
chrY	90803650	90803650	+	3.14482340969549e-06	0.000203779483421482	-31.7996604414261	1-85	+	3.14482340969549e-06	NA	intron (NR_137282, intron 2 of 2)	intron (NR_137282, intron 2 of 2)	18208	NR_137282	170942	NA	NM_133362		Erdr1x	Erdr1|Gm21887|Gm55594|edr	erythroid differentiation regulator 1 x	protein-coding
chrY	90803695	90803695	+	2.27219911093557e-07	2.36262129480658e-05	-33.1598864711447	1-86	+	2.27219911093557e-07	NA	intron (NR_137282, intron 2 of 2)	intron (NR_137282, intron 2 of 2)	18253	NR_137282	170942	NA	NM_133362		Erdr1x	Erdr1|Gm21887|Gm55594|edr	erythroid differentiation regulator 1 x	protein-coding
chrY	90805201	90805201	+	0.000215631638121529	0.00693021076072955	-25.974025974026	1-87	+	0.000215631638121529	NA	intron (NR_137282, intron 2 of 2)	L1_Mm|LINE|L1	19759	NR_137282	170942	NA	NM_133362		Erdr1x	Erdr1|Gm21887|Gm55594|edr	erythroid differentiation regulator 1 x	protein-coding
chrY	90805749	90805749	+	0.00016434034112	0.00546795339935615	-29.8214285714286	1-88	+	0.00016434034112	NA	intron (NR_137282, intron 2 of 2)	L1_Mm|LINE|L1	20307	NR_137282	170942	NA	NM_133362		Erdr1x	Erdr1|Gm21887|Gm55594|edr	erythroid differentiation regulator 1 x	protein-coding
chrY	90805892	90805892	+	0.000237729729928804	0.00749061171667043	-25.5844155844156	1-89	+	0.000237729729928804	NA	intron (NR_137282, intron 2 of 2)	L1_Mm|LINE|L1	20450	NR_137282	170942	NA	NM_133362		Erdr1x	Erdr1|Gm21887|Gm55594|edr	erythroid differentiation regulator 1 x	protein-coding
chrY	90805901	90805901	+	7.50698544642906e-05	0.00284879150459167	-27.991452991453	1-90	+	7.50698544642906e-05	NA	intron (NR_137282, intron 2 of 2)	L1_Mm|LINE|L1	20459	NR_137282	170942	NA	NM_133362		Erdr1x	Erdr1|Gm21887|Gm55594|edr	erythroid differentiation regulator 1 x	protein-coding
chrY	90807747	90807747	+	9.62786882303215e-07	7.70077688358047e-05	-39.6179401993355	1-91	+	9.62786882303215e-07	NA	intron (NR_137282, intron 2 of 2)	intron (NR_137282, intron 2 of 2)	22305	NR_137282	170942	NA	NM_133362		Erdr1x	Erdr1|Gm21887|Gm55594|edr	erythroid differentiation regulator 1 x	protein-coding
chrY	90807769	90807769	+	8.71774171591474e-05	0.00319708077859674	-28.2517482517482	1-92	+	8.71774171591474e-05	NA	intron (NR_137282, intron 2 of 2)	intron (NR_137282, intron 2 of 2)	22327	NR_137282	170942	NA	NM_133362		Erdr1x	Erdr1|Gm21887|Gm55594|edr	erythroid differentiation regulator 1 x	protein-coding
chrY	90807785	90807785	+	0.000774623785221567	0.0204673379315293	-25.3611556982343	1-93	+	0.000774623785221567	NA	intron (NR_137282, intron 2 of 2)	intron (NR_137282, intron 2 of 2)	22343	NR_137282	170942	NA	NM_133362		Erdr1x	Erdr1|Gm21887|Gm55594|edr	erythroid differentiation regulator 1 x	protein-coding
chrY	90807806	90807806	+	3.09773599094096e-11	8.69161542527965e-09	-54.3798449612403	1-94	+	3.09773599094096e-11	NA	intron (NR_137282, intron 2 of 2)	intron (NR_137282, intron 2 of 2)	22364	NR_137282	170942	NA	NM_133362		Erdr1x	Erdr1|Gm21887|Gm55594|edr	erythroid differentiation regulator 1 x	protein-coding
chrY	90807851	90807851	+	9.57022398877746e-06	0.000504979729376176	-29.5395948434622	1-95	+	9.57022398877746e-06	NA	intron (NR_137282, intron 2 of 2)	intron (NR_137282, intron 2 of 2)	22409	NR_137282	170942	NA	NM_133362		Erdr1x	Erdr1|Gm21887|Gm55594|edr	erythroid differentiation regulator 1 x	protein-coding
chrY	90808435	90808435	+	5.61150612053742e-06	0.000324156447589869	-35.1421541826135	1-96	+	5.61150612053742e-06	NA	intron (NR_137282, intron 2 of 2)	L1_Mm|LINE|L1	22993	NR_137282	170942	NA	NM_133362		Erdr1x	Erdr1|Gm21887|Gm55594|edr	erythroid differentiation regulator 1 x	protein-coding
chrY	90808578	90808578	+	8.63967374742636e-06	0.000467031571561254	-33.8789682539683	1-97	+	8.63967374742636e-06	NA	intron (NR_137282, intron 2 of 2)	L1_Mm|LINE|L1	23136	NR_137282	170942	NA	NM_133362		Erdr1x	Erdr1|Gm21887|Gm55594|edr	erythroid differentiation regulator 1 x	protein-coding
chrY	90808587	90808587	+	1.01918931581618e-05	0.000533009330866484	-33.134328358209	1-98	+	1.01918931581618e-05	NA	intron (NR_137282, intron 2 of 2)	L1_Mm|LINE|L1	23145	NR_137282	170942	NA	NM_133362		Erdr1x	Erdr1|Gm21887|Gm55594|edr	erythroid differentiation regulator 1 x	protein-coding
chrY	90808837	90808837	+	6.58333685510543e-13	2.70337083535251e-10	-41.5933651671274	1-99	+	6.58333685510543e-13	NA	intron (NR_137282, intron 2 of 2)	intron (NR_137282, intron 2 of 2)	23395	NR_137282	170942	NA	NM_133362		Erdr1x	Erdr1|Gm21887|Gm55594|edr	erythroid differentiation regulator 1 x	protein-coding
chrY	90808869	90808869	+	4.22023022016788e-06	0.000259926701845574	-27.3185223456471	1-100	+	4.22023022016788e-06	NA	intron (NR_137282, intron 2 of 2)	intron (NR_137282, intron 2 of 2)	23427	NR_137282	170942	NA	NM_133362		Erdr1x	Erdr1|Gm21887|Gm55594|edr	erythroid differentiation regulator 1 x	protein-coding
