chr1	8154168	8154261	1	0.125446	2	0.13038	0.16033	0.91146	0.78601
chr1	14193204	14193236	1	0.216667	2	0.082984	0.18082	0.86458	0.64792
chr1	20746725	20746763	1	-0.116667	2	0.4418	0.91797	0.82262	0.93929
chr1	34225798	34225912	1	-0.421627	3	1.4052e-05	0.00018221	0.53671	0.95833
chr1	34602911	34602955	1	-0.103755	2	0.037918	0.034351	0.81986	0.92361
chr1	34716547	34716568	1	-0.193403	2	0.1049	0.16608	0.086806	0.28021
chr1	36687355	36687370	1	0.114583	2	0.19487	1	1	0.88542
chr1	38081535	38081545	1	-0.273958	2	0.028127	0.15983	0.45833	0.73229
chr1	51288811	51288855	1	-0.200967	4	0.0025688	0.0061141	0.056845	0.25781
chr1	62794813	62794826	1	0.180655	2	0.064957	0.15486	0.70774	0.52708
chr1	67349989	67350026	1	0.119792	2	0.2345	0.51962	0.9375	0.81771
chr1	67909840	67909911	1	-0.156259	2	0.0001554	0.00086722	0.73699	0.89325
chr1	68543348	68543420	1	0.104018	2	0.4418	0.47726	0.96652	0.8625
chr1	71084314	71084361	1	0.109524	2	0.082984	1	1	0.89048
chr1	71206134	71206144	1	-0.125000	2	0.19487	1	0.875	1
chr1	72188360	72188364	1	0.152083	2	0.2345	0.50302	0.85625	0.70417
chr1	84989150	84989164	1	0.111080	2	0.13038	0.1772	0.89658	0.7855
chr1	84990814	84991046	1	-0.116623	2	0.037918	0.16483	0.75764	0.87426
chr1	84993468	84993760	1	0.198449	2	0.4418	0.54847	0.81048	0.61203
chr1	85004244	85004246	1	-0.168216	2	0.028127	0.045809	0.67423	0.84245
chr1	85004405	85004447	1	0.129864	2	0.020668	0.019356	0.78145	0.65159
chr1	85012976	85012981	1	-0.113765	2	0.1049	0.17015	0.82184	0.93561
chr1	85030404	85030604	1	0.195520	2	0.1049	0.043604	0.55846	0.36293
chr1	85040075	85040081	1	0.100600	2	0.87848	0.45715	0.86036	0.75976
chr1	85040580	85040647	1	0.103404	2	0.1049	0.037825	0.84864	0.74523
chr1	85045372	85045394	1	0.165269	2	0.1049	0.15099	0.87658	0.71131
chr1	85072244	85072284	1	-0.106498	2	0.57374	0.5488	0.74306	0.84955
chr1	85068980	85069199	1	0.110890	3	0.21892	0.46051	0.62355	0.51266
chr1	85078665	85078756	1	0.139310	2	0.082984	0.050423	0.84941	0.7101
chr1	85081331	85081400	1	0.192230	2	0.020668	0.0071335	0.76569	0.57346
chr1	85082475	85082596	1	0.126201	2	0.32821	0.20904	0.60848	0.48228
chr1	85086043	85086045	1	0.151552	2	0.049883	0.037403	0.83819	0.68664
chr1	85098838	85098840	1	0.152351	2	0.014763	0.042761	0.71265	0.5603
chr1	85101960	85102015	1	-0.181227	2	0.0029526	0.0069662	0.73059	0.91182
chr1	85104601	85104683	1	0.103951	2	0.19487	0.48754	0.8056	0.70165
chr1	85102757	85102760	1	0.204907	2	0.037918	0.16059	0.63729	0.43238
chr1	85105534	85105646	1	0.112513	2	0.0029526	0.0057163	0.84574	0.73323
chr1	85105646	85105677	1	0.187610	2	0.16053	0.47138	0.91452	0.72691
chr1	85106153	85106165	1	-0.115799	4	0.16317	0.28883	0.51758	0.63338
chr1	85111697	85111710	1	-0.220513	4	0.0022672	0.019063	0.43364	0.65415
chr1	85113108	85113110	1	0.121155	2	0.049883	0.043387	0.8687	0.74754
chr1	85109633	85109704	1	-0.121632	2	0.2345	0.19477	0.35187	0.4735
chr1	85109893	85109907	1	0.102031	4	0.2278	0.39812	0.7976	0.69557
chr1	85115225	85115242	1	0.119765	2	0.049883	0.173	0.94048	0.82071
chr1	85168497	85168510	1	0.106550	2	0.2345	0.53332	0.78034	0.67379
chr1	85167302	85167513	1	0.110021	5	0.051462	0.2525	0.86676	0.75674
chr1	85185581	85185583	1	0.172886	2	0.006993	0.034398	0.80583	0.63295
chr1	85196934	85197020	1	0.111710	2	0.32821	0.50311	0.55884	0.44713
chr1	85235590	85235767	1	0.126309	2	0.13038	0.041843	0.67484	0.54853
chr1	85243865	85243873	1	-0.120755	2	0.13038	0.16144	0.73202	0.85278
chr1	85246931	85246949	1	0.103652	2	0.1049	0.19239	0.8552	0.75155
chr1	85249625	85249627	1	0.108124	2	0.082984	0.16309	0.50355	0.39543
chr1	85251079	85251194	1	-0.113081	2	0.037918	0.03846	0.70371	0.81679
chr1	85251954	85251956	1	0.129554	2	0.082984	0.15625	0.73286	0.60331
chr1	85265351	85265467	1	0.138632	2	0.16053	0.55714	0.76312	0.62449
chr1	85266269	85266271	1	0.111905	2	0.2345	0.54784	0.51272	0.40082
chr1	85258811	85259066	1	0.119402	3	0.059657	0.19284	0.49416	0.37476
chr1	85265801	85265833	1	0.107738	2	0.16053	0.4875	0.94375	0.83601
chr1	85272259	85272370	1	-0.131860	2	0.19487	0.46027	0.76544	0.8973
chr1	85269146	85269203	1	0.123762	4	0.011565	0.053883	0.88581	0.76205
chr1	85269277	85269534	1	0.122720	4	0.014294	0.003185	0.8889	0.76618
chr1	85269885	85269962	1	0.106028	2	0.32821	0.56531	0.65827	0.55224
chr1	85270337	85270409	1	0.108832	2	0.27863	0.54067	0.6869	0.57807
chr1	85276665	85276672	1	-0.106666	2	0.037918	0.15809	0.6745	0.78117
chr1	85297380	85297624	1	0.133714	2	0.037918	0.042302	0.96169	0.82798
chr1	85288582	85288584	1	-0.142406	2	0.27863	0.4575	0.65353	0.79594
chr1	85299739	85299810	1	-0.117378	4	0.04577	0.032357	0.7238	0.84118
chr1	85305233	85305383	1	0.106548	2	0.0018648	0.0057732	0.97708	0.87053
chr1	85307382	85307384	1	0.120694	2	0.028127	0.14813	0.80158	0.68088
chr1	85311735	85311976	1	0.159152	2	0.004662	0.0068602	0.8843	0.72515
chr1	85317582	85317584	1	0.122673	2	0.010412	0.036301	0.80682	0.68415
chr1	85315779	85315781	1	-0.106051	2	0.13038	0.14968	0.68306	0.78912
chr1	85316051	85316053	1	0.129198	2	0.0010878	0.006405	0.75641	0.62721
chr1	85326552	85326646	1	0.158460	2	0.16053	0.52971	0.86859	0.71013
chr1	85330144	85330204	1	-0.146668	2	0.020668	0.042234	0.73708	0.88374
chr1	85336267	85336405	1	-0.115141	2	0.27863	0.19898	0.66725	0.78239
chr1	85336801	85336829	1	0.146528	2	0.049883	0.15816	0.98611	0.83958
chr1	85451998	85452000	1	-0.140929	2	0.049883	0.14771	0.65914	0.80007
chr1	85452015	85452038	1	-0.127646	2	0.19487	0.52124	0.51617	0.64382
chr1	85340154	85340157	1	0.118380	2	0.049883	0.1892	0.92679	0.80841
chr1	85460410	85460658	1	0.108018	2	0.082984	0.1654	0.89497	0.78696
chr1	85481352	85481386	1	-0.117268	2	0.082984	0.039774	0.7619	0.87917
chr1	85484854	85484923	1	0.107648	2	0.1049	0.15524	0.89062	0.78298
chr1	85493679	85493729	1	-0.106303	2	0.32821	0.57487	0.70481	0.81111
chr1	85502840	85503163	1	0.114404	3	0.15997	0.20125	0.90214	0.78773
chr1	85506527	85506618	1	-0.122605	2	0.0029526	0.0066012	0.84464	0.96725
chr1	85523283	85523303	1	-0.101412	2	0.2345	0.60122	0.47418	0.5756
chr1	85537832	85537961	1	0.211126	2	0.037918	0.19044	0.92144	0.71032
chr1	85543881	85543883	1	0.136994	2	0.32821	0.45999	0.71289	0.57589
chr1	85552006	85552024	1	0.120587	2	0.014763	0.0058172	0.95376	0.83317
chr1	85552581	85552613	1	0.151983	2	0.1049	0.20158	0.81587	0.66389
chr1	85573814	85573846	1	-0.193324	2	0.037918	0.035837	0.65919	0.85251
chr1	85579376	85579440	1	-0.111806	2	0.13038	0.18358	0.86736	0.97917
chr1	85583156	85583158	1	0.108015	2	0.13038	0.17989	0.75938	0.65137
chr1	85583650	85583709	1	-0.117998	2	0.13038	0.15156	0.77894	0.89694
chr1	85588042	85588274	1	-0.141821	2	0.064957	0.03736	0.44803	0.58986
chr1	85588465	85588646	1	-0.139030	2	0.27863	0.090242	0.64541	0.78444
chr1	85591618	85591620	1	0.169474	2	0.037918	0.034221	0.57549	0.40602
chr1	85591643	85591645	1	-0.100453	2	0.028127	0.037529	0.72405	0.82451
chr1	85596801	85596803	1	0.151076	2	0.014763	0.035027	0.75215	0.60107
chr1	85593350	85593404	1	-0.135317	2	0.064957	0.48454	0.63651	0.77183
chr1	85601256	85601338	1	-0.108091	2	0.16053	0.19825	0.50069	0.60878
chr1	85598648	85598650	1	-0.112070	2	0.064957	0.039226	0.73186	0.84393
chr1	85598740	85598769	1	-0.129211	6	0.0064929	0.082096	0.59622	0.72543
chr1	85604075	85604189	1	-0.139719	2	0.27863	0.46533	0.73491	0.87463
chr1	85600566	85600620	1	0.102236	2	0.64538	0.51011	0.46554	0.3633
chr1	85600631	85600687	1	-0.222471	2	0.028127	0.047874	0.35657	0.57904
chr1	85600816	85600823	1	-0.359402	2	0.006993	0.0079501	0.30468	0.66409
chr1	85605766	85605848	1	0.104016	2	0.16053	0.50781	0.77372	0.6697
chr1	85608429	85608612	1	-0.171420	2	0.16053	0.49313	0.60542	0.77684
chr1	85621643	85621645	1	0.123617	2	0.082984	0.052477	0.32341	0.19979
chr1	85627063	85627284	1	0.119566	2	0.2345	0.47997	0.63934	0.51978
chr1	85623865	85623983	1	0.142136	2	0.028127	0.048352	0.89387	0.75173
chr1	85617846	85617848	1	-0.103694	2	0.049883	0.040008	0.85848	0.96217
chr1	85618362	85618364	1	-0.127232	2	0.27863	0.1468	0.57812	0.70536
chr1	85619269	85619271	1	-0.124763	2	0.010412	0.039398	0.6658	0.79056
chr1	85652045	85652064	1	-0.278535	2	0.064957	0.17458	0.26875	0.54729
chr1	88022388	88022393	1	0.104167	2	0.38228	0.4758	0.91667	0.8125
chr1	88135587	88135614	1	-0.150000	2	0.082984	1	0.85	1
chr1	88213940	88213942	1	-0.123689	2	0.006993	0.0056891	0.75227	0.87596
chr1	88215197	88215199	1	0.175542	2	0.004662	0.006983	0.86004	0.6845
chr1	88211403	88211413	1	0.105031	2	0.38228	0.14699	0.4051	0.30007
chr1	88212295	88212297	1	-0.119610	2	0.028127	0.15109	0.73042	0.85003
chr1	88212567	88212583	1	0.133992	2	0.16053	0.18634	0.87813	0.74414
chr1	88230284	88230354	1	0.100857	2	0.064957	0.034153	0.94234	0.84148
chr1	88231238	88231240	1	-0.132335	2	0.064957	0.15088	0.72684	0.85917
chr1	88237070	88237086	1	-0.168758	2	0.32821	0.53319	0.31675	0.48551
chr1	88237102	88237144	1	0.118361	2	0.1049	0.27169	0.69383	0.57547
chr1	88237198	88237299	1	-0.127512	2	0.13038	0.23581	0.39366	0.52117
chr1	88233756	88233936	1	-0.119940	2	0.13038	0.20126	0.84048	0.96042
chr1	88234671	88234827	1	-0.138679	2	0.16053	0.17604	0.31514	0.45382
chr1	88235479	88235630	1	-0.135824	2	0.32821	0.58063	0.47821	0.61403
chr1	88235668	88235704	1	-0.101618	2	0.0006216	0.00072865	0.88877	0.99038
chr1	88235952	88235954	1	0.117005	2	0.006993	0.035269	0.9079	0.79089
chr1	88236107	88236269	1	-0.109256	2	0.037918	0.038397	0.69723	0.80648
chr1	88238076	88238078	1	0.185385	2	0.082984	0.15057	0.81028	0.6249
chr1	88238748	88238881	1	0.125024	2	0.16053	0.034274	0.88256	0.75754
chr1	88246905	88247138	1	0.148199	2	0.27863	0.54601	0.52042	0.37222
chr1	88247899	88247921	1	0.104027	2	0.082984	0.17567	0.64701	0.54298
chr1	88242949	88242951	1	0.112028	2	0.082984	0.15897	0.89733	0.7853
chr1	88243368	88243461	1	0.132091	5	0.15954	0.45203	0.6808	0.54871
chr1	88243955	88244029	1	0.117018	2	0.38228	0.24286	0.76292	0.6459
chr1	88249418	88249464	1	-0.108246	5	0.098932	0.24928	0.29056	0.39881
chr1	88249464	88249686	1	0.119049	2	0.16053	0.078521	0.80214	0.68309
chr1	88249797	88249799	1	0.108099	2	0.082984	0.16325	0.89849	0.79039
chr1	88250425	88250634	1	0.119952	2	0.13038	0.17886	0.80941	0.68946
chr1	88251882	88251914	1	0.106448	2	0.50536	0.54509	0.79048	0.68403
chr1	88253082	88253189	1	-0.347921	2	0.0006216	0.00088326	0.41561	0.76353
chr1	88257394	88257396	1	0.125271	2	0.064957	0.15351	0.86113	0.73586
chr1	88263058	88263060	1	-0.165416	2	0.049883	0.03487	0.65033	0.81575
chr1	88258920	88258964	1	-0.282503	4	8.8679e-05	0.00041255	0.18569	0.46819
chr1	88259482	88259484	1	-0.197880	2	0.0006216	0.00068986	0.27868	0.47656
chr1	88260003	88260005	1	0.113539	2	0.19487	0.45728	0.6735	0.55996
chr1	88260055	88260057	1	-0.129702	2	0.020668	0.14718	0.74411	0.87381
chr1	88262074	88262170	1	-0.155677	2	0.16053	0.56431	0.52289	0.67857
chr1	88262359	88262395	1	-0.275561	2	0.0006216	0.0058129	0.12797	0.40353
chr1	88280424	88280426	1	0.107284	2	0.014763	0.039526	0.90189	0.7946
chr1	88280790	88280792	1	-0.100337	2	0.79845	0.46186	0.31963	0.41996
chr1	88283951	88283974	1	0.112034	4	3.3866e-05	0.00018719	0.8996	0.78757
chr1	88287856	88287928	1	0.146267	3	0.059657	0.19289	0.60778	0.46152
chr1	88294790	88294792	1	0.112550	2	0.27863	0.92606	0.32535	0.2128
chr1	88286712	88286714	1	-0.112357	2	0.064957	0.15189	0.73141	0.84377
chr1	88297052	88297054	1	0.130563	2	0.064957	0.16707	0.93365	0.80309
chr1	88296003	88296082	1	0.111506	3	0.24152	0.2051	0.60202	0.49051
chr1	88301286	88301428	1	0.100546	2	0.13038	0.14982	0.85273	0.75218
chr1	88301688	88301690	1	-0.185171	2	0.014763	0.0028664	0.15258	0.33775
chr1	88304552	88304554	1	0.105145	2	0.0029526	0.0071552	0.97582	0.87067
chr1	88304664	88304666	1	0.164722	2	0.1049	0.14881	0.7206	0.55588
chr1	88274431	88274473	1	-0.110010	2	0.38228	0.58812	0.53754	0.64755
chr1	88277339	88277341	1	-0.114786	2	0.2345	0.51937	0.10139	0.21617
chr1	88278022	88278140	1	0.127153	2	0.27863	0.54994	0.76454	0.63739
chr1	88278150	88278162	1	-0.121569	2	0.1049	0.17614	0.59731	0.71888
chr1	89933659	89933681	1	0.147917	2	0.16053	0.14708	0.87708	0.72917
chr1	95304459	95304499	1	0.130853	2	0.13038	0.15928	0.97222	0.84137
chr1	106705926	106705934	1	-0.104167	2	0.19487	1	0.89583	1
chr1	106882918	106882949	1	-0.101190	2	0.082984	1	0	0.10119
chr1	108218970	108218995	1	-0.114583	2	0.19487	1	0.88542	1
chr1	108692818	108692854	1	-0.166667	2	0.028127	0.14678	0.7875	0.95417
chr1	117212484	117212500	1	-0.114583	2	0.19487	1	0.88542	1
chr1	122479267	122479284	1	-0.104167	2	0.082984	1	0.89583	1
chr1	125318140	125318149	1	0.170833	2	0.19487	1	1	0.82917
chr1	130195191	130195211	1	0.149653	2	0.049883	0.15481	0.95833	0.80868
chr1	131524174	131524236	1	-0.195833	2	0.049883	0.036729	0.73333	0.92917
chr1	132116708	132116717	1	0.116667	2	0.19487	0.14716	0.875	0.75833
chr1	134956848	134956852	1	0.156250	2	0.037918	0.036433	0.76875	0.6125
chr1	140421985	140421997	1	0.142361	2	0.006993	1	1	0.85764
chr1	141264907	141264984	1	0.131677	2	0.037918	0.040222	0.79552	0.66384
chr1	146107299	146107314	1	0.143750	2	0.50536	0.90833	0.94583	0.80208
chr1	146822334	146822380	1	-0.101190	2	0.19487	1	0.89881	1
chr1	148735164	148735228	1	0.125000	2	0.32821	0.46922	0.975	0.85
chr1	165209689	165209700	1	0.152431	2	0.38228	0.45606	0.43715	0.28472
chr1	170508502	170508518	1	-0.102381	2	0.19487	1	0.89762	1
chr1	171064611	171064649	1	0.125002	4	0.0074526	0.032398	0.16734	0.042336
chr1	171063771	171063787	1	-0.139487	2	0.2345	0.14696	0.33407	0.47356
chr1	171063822	171063824	1	-0.107787	2	0.13038	0.14968	0.25155	0.35933
chr1	171063939	171063941	1	0.168801	2	0.006993	0.0073003	0.45759	0.28879
chr1	171064113	171064173	1	0.140782	2	0.004662	0.0064931	0.16221	0.021429
chr1	171070873	171070886	1	0.180092	2	0.16053	0.14833	0.36187	0.18178
chr1	171070926	171070941	1	-0.153407	2	0.082984	0.16711	0.32419	0.4776
chr1	171069671	171069834	1	0.208696	3	0.044902	0.079946	0.512	0.3033
chr1	171069911	171069929	1	-0.125875	2	0.38228	0.14678	0.1811	0.30698
chr1	171070009	171070013	1	0.111308	2	0.2345	0.14932	0.58399	0.47268
chr1	171073873	171073876	1	-0.144792	2	0.082984	0.037758	0.27083	0.41563
chr1	171074071	171074076	1	-0.127604	2	0.020668	0.0067512	0.57031	0.69792
chr1	171065905	171065907	1	0.108855	2	0.049883	0.036522	0.19968	0.090825
chr1	171065927	171065929	1	0.159401	2	0.014763	0.0056738	0.17411	0.014706
chr1	171065944	171065948	1	0.102137	2	0.020668	0.0071799	0.25523	0.15309
chr1	171066022	171066024	1	0.151620	2	0.1049	0.035069	0.3309	0.17928
chr1	171066070	171066072	1	0.272657	2	0.006993	0.033789	0.39027	0.11761
chr1	171066241	171066256	1	0.223791	2	0.014763	0.034677	0.57847	0.35468
chr1	171066399	171066401	1	0.180320	2	0.064957	0.03649	0.78067	0.60035
chr1	171066462	171066474	1	0.150298	2	0.16053	0.48334	0.60327	0.45298
chr1	171066529	171066545	1	0.163381	2	0.064957	0.16233	0.38125	0.21787
chr1	171066751	171066753	1	0.125145	2	0.19487	0.14788	0.59955	0.4744
chr1	171238875	171238966	1	0.104167	2	0.38228	1	1	0.89583
chr1	172348992	172349006	1	-0.137500	2	0.082984	1	0.8625	1
chr1	176823005	176823020	1	0.105208	2	0.16053	0.16668	0.85104	0.74583
chr1	179918579	179918593	1	-0.131250	2	0.082984	1	0.86875	1
chr1	180329459	180329542	1	-0.280556	4	0.010382	0.032394	0.11935	0.39991
chr1	181694074	181694087	1	-0.129167	2	0.13038	0.15489	0.80833	0.9375
chr1	186409829	186409845	1	-0.234722	3	0.00027439	0.0004502	0.036111	0.27083
chr1	188022372	188022385	1	0.120139	2	0.037918	0.038804	0.96875	0.84861
chr1	193211867	193211941	1	0.100000	2	0.13038	0.4743	0.97917	0.87917
chr10	3110374	3110376	1	-0.131680	2	0.19487	0.52415	0.70616	0.83784
chr10	3116581	3116636	1	0.140103	2	0.19487	0.2229	0.63252	0.49242
chr10	5858288	5858294	1	0.126488	2	0.27863	0.46706	0.31399	0.1875
chr10	7712829	7712836	1	-0.105114	2	0.19487	1	0.89489	1
chr10	16179045	16179095	1	0.259470	2	0.13038	0.16151	0.98864	0.72917
chr10	19708478	19708497	1	0.153423	2	0.19487	0.17844	0.61756	0.46414
chr10	21200979	21200994	1	-0.258929	2	0.006993	1	0	0.25893
chr10	23851501	23851509	1	-0.447917	2	0.0001554	1	0.55208	1
chr10	28817931	28817938	1	-0.187500	2	0.082984	1	0.8125	1
chr10	38772519	38772551	1	0.146420	2	0.049883	0.17618	0.94156	0.79514
chr10	44235569	44235582	1	-0.115873	2	0.79845	0.89979	0.43274	0.54861
chr10	44267693	44267751	1	-0.100000	2	0.082984	1	0	0.1
chr10	53812367	53812378	1	-0.326389	2	0.0029526	0.034084	0.32986	0.65625
chr10	57444592	57444669	1	-0.125996	2	0.50536	0.94841	0.49058	0.61657
chr10	58228018	58228020	1	0.198957	2	0.004662	0.00772	0.9029	0.70395
chr10	58224053	58224055	1	0.100335	2	0.004662	0.0062174	0.66507	0.56473
chr10	58225229	58225231	1	0.129024	2	0.028127	0.15408	0.91697	0.78795
chr10	58232485	58232487	1	0.141516	2	0.0029526	0.0066398	0.87234	0.73083
chr10	59656902	59656912	1	0.284722	3	0.0082932	0.021041	0.97222	0.6875
chr10	60644554	60644557	1	-0.110813	2	0.2345	0.48085	0.82222	0.93304
chr10	62031151	62031179	1	-0.148864	2	0.028127	1	0.85114	1
chr10	69320817	69320821	1	0.328125	2	0.0001554	0.00067597	0.55208	0.22396
chr10	69638089	69638147	1	0.116071	2	0.50536	0.53793	0.70982	0.59375
chr10	71200569	71200621	1	0.139583	2	0.082984	1	1	0.86042
chr10	73345222	73345226	1	0.102083	2	0.4418	0.45898	0.95417	0.85208
chr10	76525189	76525208	1	-0.109655	2	0.2345	0.50311	0.74302	0.85268
chr10	79784364	79784368	1	-0.233333	2	0.19487	0.46427	0.6	0.83333
chr10	80312096	80312145	1	0.120833	5	0.058291	0.12887	0.93833	0.8175
chr10	80818377	80818459	1	-0.102083	3	0.24152	0.79566	0.7875	0.88958
chr10	84052675	84052685	1	0.193750	2	0.028127	1	1	0.80625
chr10	88501861	88501866	1	0.101190	2	0.19487	1	1	0.89881
chr10	93109083	93109126	1	0.235417	2	0.16053	0.5224	0.81131	0.57589
chr10	93776922	93776990	1	-0.266071	2	0.014763	0.039304	0.34643	0.6125
chr10	96618919	96619011	1	-0.570437	2	0.0001554	0.00069696	0.13194	0.70238
chr10	96628516	96628543	1	-0.197024	2	0.014763	0.035978	0.77798	0.975
chr10	98212250	98212325	1	0.117262	2	0.32821	0.5052	0.80893	0.69167
chr10	99441542	99441552	1	0.163393	2	0.13038	0.17246	0.98214	0.81875
chr10	105238319	105238363	1	0.216958	2	0.082984	0.042028	0.76109	0.54413
chr10	105238483	105238494	1	0.105413	2	0.082984	0.47365	0.47966	0.37424
chr10	114326855	114326882	1	-0.119345	2	0.50536	0.74321	0.63244	0.75179
chr10	116310833	116310862	1	-0.346429	2	0.006993	1	0.65357	1
chr10	117201342	117201361	1	0.159028	2	0.16053	0.16997	0.87361	0.71458
chr10	117586979	117586984	1	0.122917	2	0.082984	1	1	0.87708
chr10	122802219	122802241	1	-0.148810	2	0.57374	0.27432	0.79167	0.94048
chr10	123012602	123012611	1	-0.141815	2	0.037918	0.035545	0.84256	0.98438
chr10	127932434	127932442	1	0.335417	2	0.020668	0.039083	0.87917	0.54375
chr11	3127596	3127795	1	-0.165107	7	2.1938e-05	0.0033633	0.53235	0.69746
chr11	3128979	3128981	1	0.129404	2	0.064957	0.16287	0.61865	0.48925
chr11	3101327	3101329	1	0.106212	2	0.014763	0.034539	0.92272	0.81651
chr11	3169736	3169785	1	-0.112402	4	0.00012091	0.00084515	0.67322	0.78562
chr11	3170238	3170332	1	-0.107184	2	0.19487	0.23559	0.1627	0.26989
chr11	3181428	3181492	1	-0.102171	4	0.0041786	0.055545	0.69745	0.79962
chr11	3143226	3143228	1	0.120499	2	0.0001554	0.00068567	0.52534	0.40484
chr11	3143950	3143952	1	-0.164216	2	0.0001554	6.7759e-05	0.65317	0.81739
chr11	3144028	3144030	1	-0.267948	2	0.0003108	0.00075512	0.43763	0.70558
chr11	5381441	5381497	1	-0.244792	4	0.0041786	0.010825	0.74271	0.9875
chr11	11840150	11840164	1	0.129167	2	0.2345	0.45592	0.91667	0.7875
chr11	13037341	13037481	1	0.125149	2	0.064957	0.15506	0.97917	0.85402
chr11	20326162	20326233	1	-0.103571	2	0.19487	1	0.89643	1
chr11	25232917	25232952	1	-0.120833	2	0.27863	0.46494	0.85833	0.97917
chr11	26331485	26331514	1	0.319444	2	0.082984	0.22327	0.47917	0.15972
chr11	28966487	28966546	1	0.186806	2	0.13038	0.45627	0.88889	0.70208
chr11	51882118	51882131	1	0.132440	2	0.082984	1	1	0.86756
chr11	52385711	52385732	1	0.104167	2	0.19487	1	1	0.89583
chr11	54617137	54617160	1	-0.148958	2	0.1049	0.17354	0.80417	0.95312
chr11	61432443	61432450	1	0.122917	2	0.082984	1	1	0.87708
chr11	62359839	62359860	1	-0.120833	2	0.13038	0.15591	0.85417	0.975
chr11	65307793	65307893	1	0.104167	2	0.2345	0.47676	0.95833	0.85417
chr11	66203789	66203835	1	-0.162401	2	0.19487	0.48396	0.74177	0.90417
chr11	67229281	67229355	1	0.124107	2	0.50536	0.4836	0.91875	0.79464
chr11	68328877	68328885	1	-0.135417	2	0.57374	0.90456	0.83333	0.96875
chr11	72767770	72767876	1	0.104167	2	0.19487	1	1	0.89583
chr11	79675602	79675647	1	0.116667	2	0.19487	1	1	0.88333
chr11	80700743	80700792	1	0.423958	2	0.0003108	0.00096961	0.85417	0.43021
chr11	82193252	82193361	1	0.120833	3	0.078024	1	1	0.87917
chr11	88968583	88968772	1	0.119508	2	0.049883	0.050595	0.87903	0.75953
chr11	88970485	88970487	1	0.192361	2	0.0001554	0.00013195	0.95111	0.75875
chr11	96707586	96707602	1	0.375446	2	0.0029526	0.0057018	0.66667	0.29122
chr11	97337758	97337826	1	0.130952	4	0.059505	0.085134	0.93229	0.80134
chr11	97500667	97500670	1	-0.125000	2	0.16053	0.48089	0.84722	0.97222
chr11	99412537	99412579	1	-0.222024	2	0.082984	0.17492	0.71548	0.9375
chr11	102886464	102886490	1	0.189583	2	0.064957	0.039453	0.95	0.76042
chr11	105117512	105117536	1	0.125000	2	0.19487	1	1	0.875
chr11	106618393	106618407	1	-0.111111	2	0.32821	0.47572	0.81597	0.92708
chr11	109011736	109011881	0.12675	0.161180	20	2.4752e-11	2.559e-06	0.45747	0.29629
chr11	109459412	109459441	1	0.132440	2	0.082984	1	1	0.86756
chr11	109587252	109587292	1	-0.318750	2	0.0010878	1	0	0.31875
chr11	111658200	111658206	1	0.104167	2	0.38228	1	1	0.89583
chr11	113535270	113535278	1	0.243750	3	0.078024	0.12828	0.85536	0.61161
chr11	117116673	117116679	1	-0.435417	2	0.0001554	0.00081258	0.42917	0.86458
chr11	120065720	120065742	1	0.350000	2	0.049883	0.033771	0.85	0.5
chr12	8858903	8858909	1	0.102083	2	0.50536	0.91723	0.67708	0.575
chr12	9339605	9339612	1	-0.177083	2	0.037918	0.038692	0.78125	0.95833
chr12	9514746	9514756	1	-0.101190	2	0.082984	1	0.89881	1
chr12	9847791	9847802	1	-0.131944	3	0.078024	1	0.86806	1
chr12	10781700	10781732	1	-0.139583	2	0.082984	1	0.86042	1
chr12	11871840	11871846	1	0.104167	2	0.19487	1	1	0.89583
chr12	12406291	12406295	1	-0.118750	2	0.13038	0.15113	0.85625	0.975
chr12	14909237	14909379	1	0.117857	2	0.19487	1	1	0.88214
chr12	19141378	19141409	1	0.104167	2	0.32821	0.91013	0.91667	0.8125
chr12	20228147	20228167	1	0.113536	2	0.028127	0.15599	0.95443	0.8409
chr12	20228760	20228800	1	-0.174167	2	0.2345	0.55073	0.55778	0.73194
chr12	20228983	20229171	1	0.115058	8	0.0038913	0.018487	0.90326	0.7882
chr12	20229186	20229188	1	-0.102789	2	0.27863	0.47054	0.36843	0.47122
chr12	20229256	20229258	1	0.198229	2	0.0006216	0.0058766	0.96584	0.76761
chr12	20229604	20229625	1	0.104901	4	0.12229	0.13198	0.81649	0.71159
chr12	20230126	20230154	1	-0.129514	2	0.4418	0.54726	0.4947	0.62421
chr12	20231034	20231042	1	0.133429	2	0.0010878	0.006015	0.91199	0.77856
chr12	20231649	20231726	1	0.128758	9	0.0034094	0.024595	0.87257	0.74381
chr12	20232896	20233058	0.0017404	0.108808	22	3.1053e-10	3.5138e-08	0.84958	0.74077
chr12	20233416	20233683	0.77866	0.103531	22	1.3627e-08	1.5721e-05	0.88842	0.78489
chr12	20233716	20233968	1	0.146232	19	1.0948e-08	8.9264e-05	0.864	0.71777
chr12	20234068	20234104	1	0.206961	2	0.0018648	0.005909	0.92563	0.71867
chr12	20234150	20234161	1	-0.125101	2	0.064957	0.044686	0.78699	0.9121
chr12	24521262	24521289	1	-0.139583	2	0.049883	0.14706	0.57708	0.71667
chr12	24547937	24547945	1	0.152083	2	0.27863	0.4805	0.6375	0.48542
chr12	24865027	24865046	1	-0.101761	4	0.082973	0.13207	0.54754	0.64931
chr12	28322612	28322636	1	0.194444	2	0.16053	0.50591	0.81944	0.625
chr12	35831710	35831766	1	-0.135417	2	0.38228	0.90226	0.55625	0.69167
chr12	50260924	50260967	1	-0.110417	2	0.4418	0.50234	0.79792	0.90833
chr12	55957506	55957559	1	-0.171875	2	0.037918	0.03695	0.73438	0.90625
chr12	58444398	58444515	1	-0.402778	2	0.0001554	7.8824e-05	0.045139	0.44792
chr12	60236598	60236627	1	0.114583	2	0.19487	1	1	0.88542
chr12	65243563	65243589	1	0.194643	2	0.014763	0.037169	0.95714	0.7625
chr12	69403024	69403029	1	-0.172917	2	0.13038	0.15068	0.81667	0.98958
chr12	70628500	70628539	1	0.293006	2	0.014763	0.0087197	0.76131	0.4683
chr12	70765688	70765695	1	-0.175000	2	0.16053	0.27616	0.75	0.925
chr12	73478610	73478627	1	-0.158631	2	0.27863	0.4585	0.74762	0.90625
chr12	73549106	73549112	1	-0.100000	2	0.4418	0.68864	0.75	0.85
chr12	78351137	78351140	1	0.113891	2	0.082984	0.039325	0.45323	0.33934
chr12	80060333	80060345	1	0.167163	2	0.13038	0.15944	0.38244	0.21528
chr12	84618093	84618099	1	0.270833	2	0.16053	0.15296	0.89167	0.62083
chr12	85348539	85348565	1	-0.114583	2	0.4418	0.47945	0.525	0.63958
chr12	87862656	87862698	1	0.196875	2	0.037918	0.037189	0.98438	0.7875
chr12	92091273	92091502	1	0.102083	2	0.38228	0.9331	0.85833	0.75625
chr12	97646531	97646585	1	0.125000	2	0.19487	1	1	0.875
chr12	101084316	101084367	1	0.125000	3	0.17818	0.44382	0.26389	0.13889
chr12	105710893	105710958	1	-0.101042	2	0.32821	0.46961	0.79167	0.89271
chr12	106032001	106032004	1	0.419792	2	0.0010878	0.00090098	0.76875	0.34896
chr12	114777070	114777191	1	0.185043	2	0.064957	0.049738	0.88261	0.69757
chr12	114785463	114785500	1	-0.106597	2	0.064957	0.034058	0.78924	0.89583
chr12	114942422	114942528	1	-0.112500	2	0.4418	0.92718	0.75268	0.86518
chr13	3406389	3406391	1	0.115502	2	0.1049	0.040245	0.31263	0.19713
chr13	3918760	3918781	1	-0.145238	2	0.2345	0.51394	0.54018	0.68542
chr13	9834345	9834376	1	0.111515	7	0.040525	0.24673	0.50143	0.38991
chr13	9834479	9834504	1	0.115923	4	0.019454	0.05339	0.57621	0.46029
chr13	11124765	11124788	1	0.125000	2	0.1049	0.45932	0.95417	0.82917
chr13	12808000	12808002	1	0.136797	2	0.082984	0.034385	0.78744	0.65064
chr13	12809339	12809341	1	-0.107809	2	0.16053	0.035151	0.60752	0.71533
chr13	12835132	12835202	1	-0.135128	2	0.2345	0.18116	0.55551	0.69063
chr13	12839569	12839602	1	-0.201584	2	0.014763	0.038856	0.76196	0.96354
chr13	12840338	12840444	1	0.127827	2	0.014763	0.03843	0.95461	0.82679
chr13	12842331	12842435	1	0.121712	2	0.064957	0.15325	0.96528	0.84357
chr13	12849223	12849327	1	0.111062	2	0.028127	0.035214	0.97917	0.86811
chr13	12861401	12861480	1	0.119345	2	0.16053	0.18861	0.93929	0.81994
chr13	12874885	12874887	1	0.130664	2	0.1049	0.039424	0.65722	0.52656
chr13	12876538	12876673	1	-0.113936	2	0.19487	0.57141	0.37976	0.4937
chr13	12880619	12880652	1	-0.118582	2	0.16053	0.16103	0.7644	0.88298
chr13	12883906	12883908	1	-0.124599	2	0.38228	0.1604	0.4474	0.572
chr13	12882394	12882612	1	-0.101282	2	0.38228	0.45685	0.79336	0.89464
chr13	12887474	12887648	1	0.105603	2	0.50536	0.91985	0.85764	0.75204
chr13	12891727	12891729	1	-0.131647	2	0.049883	0.038105	0.82014	0.95179
chr13	12893412	12893414	1	-0.166788	2	0.020668	0.038946	0.45361	0.6204
chr13	12889819	12889865	1	0.113692	2	0.037918	0.03533	0.97008	0.85639
chr13	12896750	12896955	1	0.147128	2	0.082984	0.15294	0.86412	0.71699
chr13	12895316	12895441	1	0.168750	2	0.028127	0.048272	0.97475	0.806
chr13	12899826	12899891	1	0.150213	2	0.082984	0.17665	0.95181	0.8016
chr13	12905988	12906143	1	0.160008	2	0.082984	0.14908	0.73798	0.57798
chr13	12904367	12904463	1	0.118426	2	0.064957	0.14737	0.63792	0.51949
chr13	12905196	12905198	1	-0.111462	2	0.2345	0.15396	0.681	0.79247
chr13	12912366	12912711	1	-0.136460	3	0.017271	0.040124	0.78471	0.92117
chr13	12915075	12915356	1	0.159046	2	0.2345	0.50804	0.70071	0.54167
chr13	12918900	12919150	1	-0.102141	2	0.4418	0.93991	0.64855	0.75069
chr13	12930037	12930043	1	0.120313	2	0.006993	1	1	0.87969
chr13	12936741	12936743	1	-0.143335	2	0.1049	0.043506	0.53159	0.67493
chr13	12963252	12963405	1	0.117817	2	0.2345	0.46673	0.79688	0.67906
chr13	12964764	12965046	1	0.102885	2	0.32821	0.4779	0.96538	0.8625
chr13	16340770	16340773	1	0.206845	2	0.037918	0.047041	0.84167	0.63482
chr13	34747432	34747435	1	-0.125000	2	0.32821	0.47054	0.84375	0.96875
chr13	37405036	37405057	1	0.120570	2	0.38228	0.49863	0.67313	0.55256
chr13	42815892	42815902	1	-0.107540	3	0.47758	0.79458	0.81111	0.91865
chr13	43700090	43700103	1	0.108333	2	0.19487	1	1	0.89167
chr13	43991754	43991779	1	-0.239286	2	0.028127	0.0065899	0.085714	0.325
chr13	44869638	44869640	1	0.105164	2	0.010412	0.005751	0.44027	0.3351
chr13	44869835	44869945	0.30125	0.132985	14	2.3178e-08	6.0824e-06	0.46559	0.33261
chr13	49092774	49092822	1	0.109226	2	0.16053	0.15555	0.90714	0.79792
chr13	59949428	59949459	1	0.104167	2	0.2345	0.46979	0.95833	0.85417
chr13	63652580	63652591	1	0.104167	2	0.19487	1	1	0.89583
chr13	70163739	70163849	1	0.126190	3	0.40951	0.47983	0.55179	0.4256
chr13	97523997	97524011	1	0.352679	2	0.006993	0.0063242	0.70476	0.35208
chr13	97524073	97524086	1	0.210417	2	0.32821	0.49087	0.80417	0.59375
chr13	99287792	99287799	1	-0.156250	2	0.32821	0.46378	0.71875	0.875
chr13	99764291	99764303	1	0.132143	2	0.27863	0.46918	0.85714	0.725
chr13	99854335	99854342	1	0.145833	2	0.028127	1	1	0.85417
chr13	101751600	101751613	1	-0.208333	2	0.049883	0.035235	0.76042	0.96875
chr13	103897796	103897816	1	0.365278	3	0.00020117	0.001024	0.9	0.53472
chr13	108766310	108766325	1	-0.108532	3	0.024184	0.07168	0.87758	0.98611
chr13	109441547	109441573	1	-0.118750	2	0.082984	1	0	0.11875
chr13	110001474	110001484	1	0.118750	2	0.19487	1	1	0.88125
chr13	111269966	111269986	1	-0.196280	2	0.1049	0.46227	0.63988	0.83616
chr13	111298326	111298341	1	-0.628125	2	0.0001554	7.4798e-05	0.35104	0.97917
chr13	112153628	112153646	1	-0.120833	2	0.13038	0.084194	0.072917	0.19375
chr13	118111352	118111368	1	0.141667	2	0.082984	1	1	0.85833
chr13	119491883	119492131	1	0.106184	3	0.0036366	0.021753	0.98201	0.87582
chr13	119599272	119599286	1	0.126453	2	0.020668	0.0076384	0.92756	0.8011
chr13	119597576	119597702	1.4583e-05	-0.137912	23	4.6996e-13	2.9444e-10	0.7359	0.87381
chr13	119603034	119603049	1	-0.118849	2	0.38228	0.56152	0.49944	0.61829
chr13	119601625	119601731	1	-0.207750	2	0.13038	0.22482	0.50946	0.71721
chr13	119611629	119611858	1	0.159684	2	0.16053	0.4673	0.86631	0.70662
chr13	119488348	119488366	0.00085435	-0.243098	5	6.3019e-08	1.725e-08	0.747	0.9901
chr13	119488374	119488492	2.7165e-21	-0.152479	42	4.5408e-14	5.4846e-26	0.78654	0.93902
chr13	119488501	119488874	6.0043e-12	-0.233537	17	4.4409e-14	1.2123e-16	0.67007	0.90361
chr13	119488890	119489064	2.1073e-17	-0.162433	29	4.6185e-14	4.2546e-22	0.78701	0.94944
chr13	119489072	119489108	1	-0.103241	7	0.00037662	0.00049664	0.87608	0.97932
chr13	119489119	119489121	1	-0.116381	2	0.082984	0.041085	0.8699	0.98628
chr13	119609106	119609156	1	0.164732	2	0.049883	0.050436	0.95089	0.78616
chr13	119609414	119609491	1	0.112891	2	0.020668	0.046687	0.99038	0.87749
chr13	119609561	119609563	1	0.190876	2	0.0003108	0.0010392	0.79004	0.59917
chr13	119609701	119609727	1	0.116904	2	0.064957	0.19303	0.81596	0.69905
chr13	119610446	119610448	1	0.146718	2	0.014763	0.006947	0.64521	0.49849
chr13	119616132	119616134	1	0.273040	2	0.0001554	8.0334e-05	0.81828	0.54524
chr13	119616637	119616639	1	0.112832	2	0.082984	0.15315	0.87597	0.76314
chr13	119613092	119613286	1	0.112893	4	3.9894e-05	0.00083291	0.97538	0.86249
chr13	119613353	119613626	1	0.184819	4	0.0013574	0.0031918	0.90014	0.71532
chr13	119617348	119617350	1	0.330210	2	0.0001554	0.00076639	0.56595	0.23574
chr14	7749199	7749206	1	0.160714	2	0.064957	0.45624	0.91964	0.75893
chr14	11550783	11550790	1	-0.125000	2	0.38228	1	0.875	1
chr14	14002944	14002975	1	0.245139	3	0.017271	0.020721	0.93542	0.69028
chr14	17118346	17118375	1	-0.179315	2	0.028127	0.0058995	0.76935	0.94866
chr14	19417452	19417454	1	0.161020	2	0.037918	0.03698	0.92118	0.76016
chr14	19418370	19418386	1	0.152986	2	0.010412	0.0081787	0.91451	0.76152
chr14	19419555	19419615	1	0.121488	2	0.16053	0.22173	0.79273	0.67124
chr14	20502316	20502331	1	-0.179315	2	0.028127	1	0.82068	1
chr14	23435991	23436071	1	0.122917	2	0.082984	1	1	0.87708
chr14	31696841	31696860	1	0.212500	2	0.049883	0.03473	0.57708	0.36458
chr14	36881944	36881994	1	0.305556	3	0.0055596	0.010924	0.97917	0.67361
chr14	39496780	39496794	1	-0.124790	2	0.037918	0.15395	0.81152	0.93631
chr14	41723616	41723620	1	0.134524	2	0.049883	0.083979	0.90625	0.77173
chr14	45636186	45636207	1	-0.162996	5	0.030464	0.12852	0.81361	0.97661
chr14	63861147	63861213	1	-0.209028	2	0.082984	0.15411	0.58056	0.78958
chr14	65648234	65648245	1	0.115972	2	0.16053	0.46508	0.96875	0.85278
chr14	65648271	65648292	1	-0.108333	2	0.27863	0.15555	0.825	0.93333
chr14	68714800	68714843	1	-0.280506	2	0.014763	0.03516	0.65804	0.93854
chr14	73372370	73372384	1	-0.177083	2	0.082984	1	0.82292	1
chr14	75328097	75328127	1	0.268750	2	0.064957	0.17996	0.80833	0.53958
chr14	75967107	75967139	1	0.263095	2	0.082984	0.18066	0.8631	0.6
chr14	76570564	76570583	1	-0.220833	2	0.064957	0.15499	0.59167	0.8125
chr14	84043141	84043145	1	-0.125000	2	0.19487	1	0.875	1
chr14	88658506	88658533	1	0.135714	2	0.16053	0.47883	0.93333	0.79762
chr14	95437377	95437428	1	0.177083	2	0.2345	0.47223	0.9375	0.76042
chr14	98840721	98840724	1	0.302083	2	0.014763	0.0061864	0.45833	0.15625
chr14	100178568	100178682	1	-0.152083	2	0.38228	0.92271	0.57292	0.725
chr14	104715932	104715964	1	0.194152	3	0.0082932	0.020888	0.65321	0.45906
chr14	104715975	104715980	1	0.105344	2	0.16053	0.035193	0.71316	0.60782
chr14	105483660	105483666	1	-0.189583	2	0.1049	0.15032	0.091667	0.28125
chr14	118783370	118783402	1	0.108333	2	0.19487	1	1	0.89167
chr14	121973202	121973210	1	0.185417	2	0.010412	0.0060591	0.97917	0.79375
chr14	123489268	123489281	1	0.114583	2	0.38228	1	1	0.88542
chr15	3361091	3361132	1	0.100744	2	0.4418	0.93245	0.75873	0.65799
chr15	7021600	7021634	1	-0.195833	2	0.006993	1	0.80417	1
chr15	8349426	8349452	1	-0.122917	2	0.27863	0.46461	0.84583	0.96875
chr15	8968387	8968401	1	0.157143	2	0.037918	0.036414	0.98214	0.825
chr15	9296240	9296479	1	0.119015	2	0.13038	0.14873	0.95566	0.83665
chr15	10075061	10075145	1	0.233102	3	0.0036366	0.0051888	0.26088	0.027778
chr15	25451171	25451180	1	0.141667	2	0.13038	0.15068	0.975	0.83333
chr15	27189707	27189738	1	0.213542	2	0.16053	0.50128	0.73958	0.52604
chr15	27203494	27203509	1	0.145833	2	0.19487	1	1	0.85417
chr15	30157795	30157799	1	0.145833	2	0.38228	1	1	0.85417
chr15	31345156	31345194	1	-0.165774	2	0.27863	0.034138	0.30149	0.46726
chr15	36088298	36088305	1	0.264931	2	0.082984	0.17478	0.42535	0.16042
chr15	37312601	37312614	1	0.133333	2	0.082984	1	1	0.86667
chr15	53272751	53272766	1	-0.270238	2	0.1049	0.148	0.33185	0.60208
chr15	58731161	58731171	1	-0.163690	2	0.049883	0.035668	0.79464	0.95833
chr15	66330760	66330765	1	-0.111111	2	0.082984	1	0.88889	1
chr15	77691357	77691370	1	0.231944	2	0.014763	0.03421	0.39236	0.16042
chr15	85665887	85665913	1	-0.247917	2	0.028127	1	0.75208	1
chr15	89523824	89523827	1	0.170536	2	0.1049	0.037495	0.91667	0.74613
chr15	91260683	91260707	1	0.101389	2	0.082984	1	1	0.89861
chr15	98186594	98186628	1	0.204464	2	0.13038	0.1653	0.9875	0.78304
chr15	100494286	100494303	1	-0.164583	2	0.27863	0.50077	0.65417	0.81875
chr15	103421251	103421267	1	-0.167857	2	0.2345	0.18468	0.48839	0.65625
chr15	103772458	103772540	1	0.140994	2	0.028127	0.043552	0.92569	0.7847
chr15	103875519	103875580	1	0.147104	4	0.028819	0.13287	0.85787	0.71077
chr16	3252820	3252933	1	-0.119460	3	0.10053	0.30925	0.44218	0.56164
chr16	3257196	3257408	1	-0.126348	2	0.27863	0.49996	0.58635	0.7127
chr16	3257408	3257462	1	0.160168	2	0.082984	0.034814	0.67459	0.51442
chr16	3259249	3259290	1	0.124717	2	0.028127	0.040162	0.85043	0.72571
chr16	3270247	3270497	1	0.118086	2	0.049883	0.042547	0.95703	0.83895
chr16	3337727	3337729	1	0.102530	2	0.19487	0.50963	0.47008	0.36755
chr16	3340784	3340786	1	0.104519	2	0.16053	0.17531	0.5191	0.41458
chr16	4979170	4979188	1	-0.145833	2	0.082984	1	0.85417	1
chr16	5122983	5123037	1	0.129762	2	0.32821	0.55562	0.76101	0.63125
chr16	7106604	7106676	1	0.122917	2	0.082984	1	1	0.87708
chr16	11144133	11144171	1	0.115190	12	7.5117e-08	5.7196e-05	0.47344	0.35825
chr16	11144250	11144252	1	0.182883	2	0.0001554	6.8465e-05	0.71901	0.53613
chr16	17222308	17222311	1	-0.142632	2	0.082984	0.14739	0.20034	0.34297
chr16	20136053	20136060	1	0.144643	2	0.57374	0.46483	0.93631	0.79167
chr16	29240273	29240318	1	0.100298	2	0.1049	0.17684	0.89583	0.79554
chr16	29495927	29496048	1	0.273214	5	0.0031936	0.005476	0.75321	0.48
chr16	30975447	30975463	1	0.210417	2	0.010412	0.005966	0.9875	0.77708
chr16	33410307	33410362	1	-0.108036	2	0.4418	0.93483	0.75208	0.86012
chr16	35528924	35528950	1	0.156250	2	0.082984	1	1	0.84375
chr16	37916153	37916193	1	0.149107	2	0.028127	0.033899	0.19494	0.045833
chr16	40633004	40633036	1	-0.144940	2	0.028127	1	0.85506	1
chr16	42938012	42938033	1	0.101190	2	0.38228	0.90471	0.95833	0.85714
chr16	49305523	49305641	1	-0.114732	2	0.13038	0.17693	0.82798	0.94271
chr16	52162294	52162314	1	-0.677331	2	0.0001554	0.00075368	0.22669	0.90402
chr16	56794906	56794954	1	-0.175000	2	0.13038	0.48303	0.45417	0.62917
chr16	57391362	57391375	1	0.116635	3	2.9584e-06	0.0001749	0.45898	0.34234
chr16	73493575	73493583	1	-0.156250	2	0.028127	1	0.84375	1
chr16	73754561	73754608	0.14703	-0.632341	3	7.396e-07	2.9685e-06	0.25972	0.89206
chr16	77717940	77717955	1	-0.729167	2	0.0001554	6.4564e-05	0.22917	0.95833
chr16	87606850	87606873	1	0.104167	2	0.38228	1	1	0.89583
chr16	90622205	90622236	1	0.139484	3	0.44283	0.20532	0.91726	0.77778
chr16	90936690	90936822	1	-0.101190	2	0.32821	0.46593	0.79464	0.89583
chr16	92138904	92138913	1	0.111111	2	0.27863	0.46441	0.98611	0.875
chr16	92247865	92247872	1	0.133333	2	0.028127	0.0099896	0.89167	0.75833
chr16	93586360	93586367	1	0.255060	2	0.020668	0.035242	0.95	0.69494
chr16	93957241	93957245	1	-0.543899	2	0.0010878	0.00079611	0.015625	0.55952
chr17	3080716	3080718	1	-0.144877	2	0.037918	0.035806	0.38356	0.52843
chr17	3082529	3082531	1	-0.143851	2	0.006993	0.0063572	0.46242	0.60627
chr17	13196744	13196773	1	0.103535	2	0.13038	0.15079	0.98611	0.88258
chr17	13214251	13214299	1	0.163715	2	0.014763	0.034478	0.9783	0.81458
chr17	13217333	13217480	1	0.104415	2	0.049883	0.037833	0.90739	0.80298
chr17	13224356	13224358	1	-0.112173	2	0.006993	1	0.88783	1
chr17	13225881	13225910	1	0.131544	2	0.1049	0.17787	0.85479	0.72324
chr17	13231855	13231857	1	0.162957	2	0.13038	0.035167	0.9545	0.79154
chr17	13238337	13238462	1	0.166953	2	0.0018648	0.0071773	0.93724	0.77028
chr17	13253946	13253948	1	0.164487	2	0.13038	0.1508	0.82928	0.6648
chr17	13234977	13234979	1	0.107257	2	0.87848	0.902	0.94892	0.84167
chr17	13235266	13235503	1	0.118750	2	0.27863	0.46697	0.99375	0.875
chr17	13236375	13236377	1	-0.147623	2	0.028127	0.036656	0.76696	0.91458
chr17	13310281	13310418	1	0.134655	2	0.1049	0.03412	0.93548	0.80082
chr17	13326054	13326280	1	0.109897	2	0.38228	0.17539	0.78212	0.67222
chr17	13349722	13349751	1	-0.126295	2	0.16053	0.14823	0.73603	0.86232
chr17	13353010	13353143	1	-0.161458	2	0.1049	0.4845	0.79792	0.95937
chr17	13357066	13357111	1	-0.160785	2	0.049883	0.1548	0.72973	0.89051
chr17	13364481	13364493	1	-0.103935	2	0.006993	0.0063624	0.87821	0.98214
chr17	13367593	13367611	1	-0.142487	2	0.2345	0.52528	0.69653	0.83902
chr17	13397829	13398052	1	0.113258	2	0.19487	0.5199	0.94375	0.83049
chr17	13424215	13424362	1	-0.110953	2	0.16053	0.502	0.84107	0.95202
chr17	13424599	13424614	1	-0.101903	2	0.7209	0.27897	0.79691	0.89881
chr17	13448111	13448113	1	0.191467	2	0.004662	0.0058861	0.89117	0.6997
chr17	13448163	13448165	1	0.143849	2	0.19487	0.1468	0.68998	0.54613
chr17	13459490	13459539	1	0.110119	2	0.16053	0.16366	0.83125	0.72113
chr17	13541337	13541367	1	-0.107100	2	0.064957	0.17886	0.86016	0.96726
chr17	13541552	13541580	1	-0.121768	2	0.13038	0.14732	0.76543	0.88719
chr17	13543804	13543963	1	-0.141999	2	0.064957	0.033917	0.17013	0.31213
chr17	13544426	13544670	1	0.215862	2	0.049883	0.15929	0.81263	0.59676
chr17	13549220	13549222	1	0.165598	2	0.082984	0.15049	0.64119	0.47559
chr17	13547885	13547887	1	0.115587	2	0.27863	0.48421	0.89634	0.78075
chr17	13549681	13549692	1	-0.155167	2	0.2345	0.53121	0.5205	0.67566
chr17	13550461	13550502	1	-0.213092	2	0.006993	0.0058492	0.27275	0.48585
chr17	18493993	18494004	1	0.344643	2	0.006993	0.037044	0.81131	0.46667
chr17	23636480	23636485	1	0.158333	2	0.082984	1	1	0.84167
chr17	26333012	26333052	1	0.119444	3	0.14317	0.44471	0.96181	0.84236
chr17	26686869	26686892	1	-0.191468	3	0.059657	0.071423	0.63492	0.82639
chr17	27199917	27199958	1	-0.183929	2	0.082984	0.16481	0.70625	0.89018
chr17	28076433	28076446	1	-0.120833	4	0.038182	0.032445	0.83333	0.95417
chr17	33217888	33217910	1	0.114583	2	0.19487	1	1	0.88542
chr17	33208101	33208109	1	0.177083	2	0.16053	0.46275	0.96875	0.79167
chr17	35433581	35433625	1	0.278571	2	0.082984	0.17737	0.91548	0.6369
chr17	35440066	35440070	1	-0.555109	2	0.0006216	0.0013661	0.24524	0.80035
chr17	36067216	36067253	1	0.192262	2	0.082984	0.15625	0.93333	0.74107
chr17	45120076	45120171	1	0.480655	2	0.0001554	6.0795e-05	0.53065	0.05
chr17	45594995	45594998	1	-0.152083	2	0.037918	0.035211	0.03125	0.18333
chr17	46093466	46093492	1	-0.242560	2	0.082984	0.16227	0.65923	0.90179
chr17	46341633	46341786	1	0.134821	2	0.19487	0.48342	0.92708	0.79226
chr17	47062856	47062869	1	-0.111806	2	0.064957	0.15071	0.86319	0.975
chr17	47329122	47329136	1	0.242560	2	0.0018648	0.00068053	0.96131	0.71875
chr17	52326392	52326410	1	-0.106710	2	0.16053	0.1799	0.84269	0.9494
chr17	52511228	52511241	1	0.238542	2	0.020668	0.14775	0.90069	0.66215
chr17	52982731	52982750	1	0.134821	2	0.037918	0.035574	0.9875	0.85268
chr17	39844327	39844348	1	0.115026	13	1.8486e-07	8.9529e-05	0.44549	0.33046
chr17	39844765	39844767	1	0.101945	2	0.006993	0.00089571	0.43414	0.3322
chr17	39844851	39844894	1	0.105654	12	7.2899e-07	0.00065433	0.41154	0.30589
chr17	39844898	39844900	1	0.136669	2	0.014763	0.038484	0.30588	0.16921
chr17	39845733	39845810	0.00057774	0.115455	29	4.0967e-14	1.1665e-08	0.42871	0.31325
chr17	39847443	39847463	1	0.129044	6	4.3763e-07	8.9765e-05	0.54585	0.41681
chr17	39848752	39848770	1	0.108123	5	0.006294	0.12879	0.30809	0.19996
chr17	63790691	63790721	1	-0.135417	2	0.082984	1	0.86458	1
chr17	63960232	63960239	1	-0.175000	2	0.082984	0.07447	0.44792	0.62292
chr17	69281162	69281173	1	0.125000	2	0.38228	1	1	0.875
chr17	70963729	70963853	1	0.101565	10	0.00022833	0.0028868	0.43091	0.32935
chr17	75793783	75793795	1	-0.101190	2	0.082984	1	0.89881	1
chr17	75971977	75972027	1	0.234375	2	0.049883	0.038613	0.53274	0.29836
chr17	78993349	78993364	1	-0.132639	3	0.059657	0.19555	0.85069	0.98333
chr17	81449040	81449070	1	0.105357	2	0.082984	1	1	0.89464
chr17	83566379	83566455	1	0.119940	4	0.097254	0.2851	0.93542	0.81548
chr17	84698575	84698629	1	0.112202	4	0.1416	0.40053	0.92188	0.80967
chr17	88806505	88806531	1	-0.293452	2	0.049883	0.16975	0.39583	0.68929
chr18	3014670	3014682	1	-0.171429	2	0.037918	0.14678	0.52024	0.69167
chr18	3015684	3015692	1	-0.130109	2	0.32821	0.53344	0.58447	0.71458
chr18	3016369	3016530	1	0.114137	2	0.4418	0.94991	0.73229	0.61815
chr18	12972867	12972872	1	-0.217560	2	0.064957	0.1474	0.41667	0.63423
chr18	12973349	12973420	1	-0.158118	6	0.00016104	0.0009514	0.64119	0.79931
chr18	14134995	14135006	1	0.107143	2	0.57374	0.90308	0.98214	0.875
chr18	16004189	16004197	1	0.108333	2	0.19487	1	1	0.89167
chr18	29899448	29899508	1	-0.104167	3	0.15997	0.44969	0.87917	0.98333
chr18	32057497	32057614	1	0.113889	3	0.40951	0.82084	0.86806	0.75417
chr18	37022153	37022159	1	-0.213542	2	0.037918	0.036981	0.72917	0.94271
chr18	37655588	37655595	1	-0.114583	2	0.19487	1	0	0.11458
chr18	44381860	44381875	1	-0.104312	3	0.34736	0.45961	0.69678	0.80109
chr18	46553339	46553381	1	-0.420635	3	2.2188e-05	0.00018252	0.56548	0.98611
chr18	47024123	47024130	1	0.126042	2	0.32821	0.46683	0.93437	0.80833
chr18	47625307	47625381	1	-0.134896	4	0.2278	0.39762	0.4474	0.58229
chr18	54959855	54959947	1	0.112426	4	0.13167	0.1974	0.97631	0.86389
chr18	58314533	58314577	1	0.127778	2	0.13038	0.15077	0.98611	0.85833
chr18	64531399	64531404	1	-0.175595	2	0.32821	0.45512	0.47917	0.65476
chr18	68692071	68692263	3.5337e-05	0.123373	34	4.1411e-14	7.1346e-10	0.42205	0.29868
chr18	70478730	70478735	1	-0.100000	2	0.19487	1	0.9	1
chr18	72772108	72772133	1	0.153194	2	0.028127	0.034195	0.9561	0.80291
chr18	72880359	72880436	1	0.190565	2	0.014763	0.040387	0.70227	0.51171
chr18	74012462	74012499	1	0.144792	2	0.16053	0.17139	0.92188	0.77708
chr18	77343561	77343593	1	0.105556	3	0.24152	0.79464	0.93472	0.82917
chr18	82161762	82161764	1	0.105966	2	0.064957	0.036353	0.89881	0.79284
chr18	82163293	82163393	1	-0.111657	2	0.2345	0.16881	0.66354	0.7752
chr18	82164406	82164568	1	-0.158709	2	0.028127	0.034912	0.79081	0.94952
chr18	82167858	82167977	1	0.113695	2	0.16053	0.19978	0.83904	0.72535
chr18	82851874	82852009	1	-0.132292	2	0.27863	0.46569	0.85208	0.98438
chr18	83026326	83026335	1	0.156250	2	0.082984	1	1	0.84375
chr19	3232330	3232409	1	-0.109375	2	0.19487	1	0.89062	1
chr19	5796396	5796407	1	-0.265179	2	0.020668	0.033982	0.45357	0.71875
chr19	5841221	5841225	1	-0.145833	2	0.4418	0.46121	0.79167	0.9375
chr19	9836732	9836770	1	-0.129258	5	0.10459	0.015271	0.40568	0.53494
chr19	11837495	11837509	1	0.356250	2	0.020668	0.03934	0.71875	0.3625
chr19	16170813	16170833	1	-0.113095	2	0.64538	0.93918	0.52083	0.63393
chr19	16598779	16598809	1	0.151190	2	0.27863	0.9067	0.7375	0.58631
chr19	21752813	21752865	1	0.121212	2	0.7209	0.92625	0.87121	0.75
chr19	24581474	24581566	1	0.118056	3	0.29134	1	1	0.88194
chr19	26052684	26052696	1	-0.125000	2	0.38228	1	0.875	1
chr19	28503342	28503362	1	-0.187500	2	0.082984	1	0.8125	1
chr19	36477582	36477592	1	0.145833	2	0.2345	0.45647	0.79167	0.64583
chr19	40119781	40119840	1	0.135654	4	0.031692	0.032957	0.6166	0.48094
chr19	40840791	40840797	1	-0.438393	2	0.004662	0.0061483	0.42708	0.86548
chr19	48210815	48210838	1	-0.104167	2	0.16053	0.46558	0.875	0.97917
chr19	50488096	50488111	1	0.124702	2	0.16053	0.15187	0.5622	0.4375
chr19	52151281	52151287	1	0.122024	2	0.028127	0.035443	0.975	0.85298
chr19	53251240	53251265	1	0.283879	2	0.049883	0.15422	0.59846	0.31458
chr19	53441458	53441574	1	0.350000	2	0.006993	0.0073042	0.68333	0.33333
chr19	53997841	53997845	1	0.108631	2	0.082984	1	1	0.89137
chr19	55018748	55018751	1	0.220982	2	0.014763	0.0061964	0.91667	0.69568
chr19	55105904	55105952	1	0.109524	2	0.19487	0.49216	0.9125	0.80298
chr19	56848155	56848174	1	-0.108549	2	0.020668	0.006204	0.82895	0.9375
chr2	4207199	4207210	1	0.112500	2	0.082984	1	1	0.8875
chr2	5379301	5379355	1	0.116553	16	4.716e-09	2.5643e-05	0.34778	0.23123
chr2	14242621	14242659	1	-0.227976	2	0.19487	0.17298	0.51161	0.73958
chr2	15309115	15309125	1	0.135417	2	0.082984	1	1	0.86458
chr2	18984465	18984474	1	0.129167	2	0.082984	1	1	0.87083
chr2	19660169	19660180	1	-0.218750	2	0.082984	0.14714	0.69792	0.91667
chr2	32061055	32061060	1	0.125000	2	0.38228	1	1	0.875
chr2	39691952	39691971	1	-0.122917	2	0.4418	0.45625	0.83125	0.95417
chr2	41784954	41784963	1	0.112500	2	0.19487	0.45959	0.89583	0.78333
chr2	51600320	51600347	1	0.195833	2	0.049883	0.14966	0.69375	0.49792
chr2	60077082	60077090	1	-0.354167	2	0.0010878	0.0061251	0.10417	0.45833
chr2	60922675	60922732	1	-0.133333	2	0.082984	1	0.86667	1
chr2	61580718	61580789	1	-0.486310	2	0.0029526	0.0057084	0.45417	0.94048
chr2	64415680	64415866	1	-0.100918	3	0.19781	0.47533	0.57171	0.67263
chr2	69298576	69298587	1	0.158333	2	0.082984	1	1	0.84167
chr2	69789127	69789139	1	0.154167	2	0.16053	0.46562	0.30208	0.14792
chr2	72229080	72229094	1	0.104167	2	0.19487	1	1	0.89583
chr2	73232234	73232264	1	-0.133631	2	0.082984	1	0.86637	1
chr2	75636540	75636545	1	0.104167	2	0.19487	1	1	0.89583
chr2	76520242	76520254	1	0.166667	2	0.049883	0.036418	0.96875	0.80208
chr2	83693005	83693046	1	0.216518	2	0.064957	0.036828	0.96652	0.75
chr2	84296431	84296459	1	-0.383929	2	0.020668	0.0097397	0.35342	0.73735
chr2	89085263	89085418	1	-0.146374	3	0.024184	0.070978	0.83696	0.98333
chr2	89693937	89694015	1	0.150856	2	0.1049	0.035698	0.88527	0.73441
chr2	91253804	91253813	1	0.181250	2	0.16053	0.45644	0.90625	0.725
chr2	93928257	93928272	1	0.110417	2	0.16053	0.48403	0.9125	0.80208
chr2	97242075	97242123	1	0.196690	2	0.004662	0.0056697	0.97073	0.77404
chr2	98666888	98666898	1	-0.100624	2	0.1049	0.037934	0.8007	0.90133
chr2	105182330	105182346	1	-0.177083	2	0.32821	0.17952	0.73958	0.91667
chr2	106234596	106234624	1	-0.122321	2	0.2345	0.46966	0.77143	0.89375
chr2	116768320	116768328	1	-0.170833	2	0.028127	1	0.82917	1
chr2	117027787	117027843	1	-0.117560	2	0.064957	0.037222	0.84375	0.96131
chr2	117263871	117263875	1	0.138194	2	0.028127	0.0068343	0.74167	0.60347
chr2	117263877	117263893	1	-0.144792	2	0.27863	0.19619	0.43958	0.58437
chr2	125873447	125873460	1	0.102083	2	0.082984	1	1	0.89792
chr2	129408201	129408445	1	-0.177083	2	0.50536	0.56933	0.5625	0.73958
chr2	131229534	131229688	1	0.154167	2	0.064957	0.15504	0.96875	0.81458
chr2	132041730	132041736	1	-0.202381	2	0.082984	0.086842	0.46429	0.66667
chr2	134425835	134425844	1	0.102232	2	0.1049	0.15874	0.95937	0.85714
chr2	136887042	136887082	1	-0.366667	2	0.0010878	0.0068251	0.51215	0.87882
chr2	138553654	138553737	1	0.103720	2	0.4418	0.90131	0.83021	0.72649
chr2	144537970	144537995	1	-0.101190	2	0.16053	0.46162	0.86756	0.96875
chr2	148615284	148615301	1	-0.104167	3	0.15997	1	0.89583	1
chr2	164701350	164701356	1	-0.187500	2	0.006993	0.0071113	0.75625	0.94375
chr2	168677610	168677620	1	0.160417	2	0.064957	0.16848	0.93333	0.77292
chr2	170826047	170826082	1	-0.155754	3	0.26567	0.45208	0.2998	0.45556
chr2	172907798	172907856	1	0.216667	3	0.028421	0.069525	0.825	0.60833
chr3	5860366	5860368	1	0.100319	2	0.0006216	0.00068	0.29521	0.19489
chr3	5860716	5860757	1	0.117716	6	8.9385e-05	0.00088459	0.33456	0.21684
chr3	10207751	10207768	1	0.192516	2	0.049883	0.15103	0.98214	0.78963
chr3	10686803	10686818	1	-0.156250	2	0.19487	1	0	0.15625
chr3	15361880	15362012	1	0.159970	2	0.049883	0.16093	0.98438	0.8244
chr3	15459187	15459420	1	-0.155305	2	0.32821	0.57633	0.48219	0.6375
chr3	17421856	17421992	1	0.129521	2	0.004662	0.035251	0.80854	0.67902
chr3	18586216	18586226	1	-0.101389	2	0.082984	1	0.89861	1
chr3	27322839	27322872	1	-0.301772	2	0.010412	0.0064821	0.29049	0.59226
chr3	32260867	32260910	1	0.127976	2	0.64538	0.93746	0.86131	0.73333
chr3	37704540	37704576	1	0.100521	4	0.18713	0.5319	0.99219	0.89167
chr3	37821360	37821407	1	-0.243056	2	0.037918	0.036477	0.59028	0.83333
chr3	43856455	43856458	1	0.137500	2	0.028127	1	1	0.8625
chr3	51782414	51782465	1	0.369246	3	0.0011146	0.0024187	0.82619	0.45694
chr3	54905800	54905812	1	-0.127381	2	0.028127	1	0.87262	1
chr3	61633989	61633998	1	0.113542	2	0.2345	0.45708	0.95312	0.83958
chr3	62159211	62159226	1	-0.144138	2	0.16053	0.1501	0.34892	0.49306
chr3	65623571	65623580	1	-0.138393	2	0.19487	0.16467	0.8125	0.95089
chr3	66652671	66652682	1	0.167857	2	0.082984	0.16104	0.95833	0.79048
chr3	67216993	67217011	1	0.125000	2	0.38228	1	1	0.875
chr3	70564809	70565081	1	0.145833	2	0.38228	1	1	0.85417
chr3	80652440	80652460	1	-0.120833	2	0.16053	0.46915	0.85417	0.975
chr3	80802065	80802075	1	0.125000	2	0.27863	0.48179	0.30208	0.17708
chr3	85752191	85752288	1	0.113393	2	0.32821	0.45757	0.93214	0.81875
chr3	87501183	87501186	1	0.166667	2	0.27863	0.91742	0.66667	0.5
chr3	88139788	88139894	1	0.126190	4	0.24266	0.28584	0.70699	0.5808
chr3	92227606	92227649	1	0.217972	2	0.006993	0.042307	0.88965	0.67168
chr3	95546923	95546927	1	0.133333	2	0.19487	1	1	0.86667
chr3	96653908	96653919	1	-0.124256	2	0.2345	0.19332	0.60268	0.72693
chr3	97881981	97882071	1	-0.204613	2	0.064957	0.17749	0.70164	0.90625
chr3	99010832	99011130	1	-0.144618	2	0.32821	0.54371	0.72691	0.87153
chr3	101236532	101236537	1	0.212500	2	0.1049	0.15576	0.5625	0.35
chr3	105653736	105653740	1	-0.241071	2	0.049883	0.034171	0.083333	0.3244
chr3	106162521	106162523	1	0.320364	2	0.0029526	0.040172	0.86997	0.5496
chr3	106164462	106164464	1	0.118896	2	0.1049	0.15219	0.95833	0.83944
chr3	106231810	106231822	1	0.111851	2	0.13038	0.15523	0.98864	0.87679
chr3	106242867	106242926	1	0.104726	2	0.13038	0.46367	0.96528	0.86055
chr3	106275270	106275325	1	0.126218	3	0.26567	0.20857	0.92569	0.79947
chr3	106278208	106278251	1	0.309028	2	0.020668	0.0082282	0.68819	0.37917
chr3	121793394	121793402	1	0.148810	2	0.57374	0.45775	0.94048	0.79167
chr3	122184627	122184644	1	0.145833	2	0.38228	1	1	0.85417
chr3	124134717	124134741	1	0.206250	2	0.006993	1	1	0.79375
chr3	124522473	124522500	1	0.105114	2	0.32821	0.90904	0.96875	0.86364
chr3	134588303	134588321	1	0.108333	2	0.13038	0.15333	0.95833	0.85
chr3	144024363	144024386	1	0.158234	2	0.082984	0.17387	0.92708	0.76885
chr3	146054921	146055017	1	0.108333	3	0.088734	0.119	0.93889	0.83056
chr3	146058507	146058531	1	-0.172569	2	0.1049	0.15811	0.17431	0.34687
chr3	152578436	152578464	1	0.205556	2	0.028127	1	1	0.79444
chr3	156477539	156477543	1	-0.139583	2	0.082984	1	0.86042	1
chr3	156629756	156629779	1	-0.113839	2	0.19487	1	0.88616	1
chr4	3079030	3079161	1	-0.137446	2	0.32821	0.54936	0.60208	0.73953
chr4	3083478	3083593	1	0.109960	5	0.15954	0.25251	0.57573	0.46577
chr4	3226897	3226973	1	-0.116791	2	0.064957	0.085325	0.78269	0.89948
chr4	3227080	3227168	1	0.188068	2	0.049883	0.034828	0.45786	0.26979
chr4	3231866	3231883	1	0.110354	2	0.32821	0.93196	0.58472	0.47437
chr4	3232257	3232259	1	-0.142063	2	0.38228	0.46147	0.60395	0.74601
chr4	3241527	3241559	1	-0.123580	2	0.2345	0.45596	0.69448	0.81806
chr4	3240719	3240807	1	-0.101043	3	0.17818	0.44462	0.74065	0.84169
chr4	3248765	3248785	1	-0.174986	2	0.049883	0.178	0.74932	0.92431
chr4	6931262	6931273	1	-0.142560	2	0.13038	0.15476	0.79792	0.94048
chr4	8803170	8803203	1	0.191685	2	0.028127	0.033998	0.36907	0.17738
chr4	8842025	8842044	1	0.116667	2	0.082984	1	1	0.88333
chr4	9683050	9683139	1	0.247024	2	0.19487	0.19742	0.75	0.50298
chr4	20254650	20254669	1	-0.151736	2	0.32821	0.16838	0.70521	0.85694
chr4	44066827	44066863	1	-0.226190	2	0.037918	0.036562	0.75595	0.98214
chr4	44692246	44692257	1	0.108631	2	0.19487	1	1	0.89137
chr4	48684697	48684737	1	0.161607	2	0.1049	0.16483	0.37202	0.21042
chr4	49584124	49584212	1	-0.485417	2	0.0001554	8.3877e-05	0.41875	0.90417
chr4	58749165	58749251	1	-0.171843	5	0.017293	0.0017554	0.73921	0.91105
chr4	59234709	59234714	1	0.216667	2	0.037918	0.03587	0.975	0.75833
chr4	61828984	61829268	1	0.200000	2	0.16053	0.5242	0.84167	0.64167
chr4	63334251	63334256	1	0.104167	2	0.57374	0.90384	0.97917	0.875
chr4	83053078	83053085	1	-0.133185	2	0.19487	0.92322	0.69271	0.82589
chr4	83540393	83540462	1	-0.162410	6	0.0012969	0.0070919	0.82207	0.98448
chr4	83589549	83589566	1	0.333333	2	0.082984	1	1	0.66667
chr4	86722141	86722207	1	-0.328125	2	0.082984	0.16859	0.55729	0.88542
chr4	88719434	88719454	1	0.259028	2	0.037918	0.14999	0.72569	0.46667
chr4	99116253	99116278	1	-0.283829	2	0.13038	0.20438	0.30179	0.58562
chr4	101580241	101580250	1	0.135417	2	0.13038	0.15068	0.96875	0.83333
chr4	102589117	102589162	1	-0.507961	4	1.4627e-05	0.00018816	0.16391	0.67187
chr4	104914254	104914257	1	0.209821	2	0.006993	0.038319	0.94345	0.73363
chr4	109147234	109147236	1	-0.348958	2	0.006993	0.033773	0.26116	0.61012
chr4	110058594	110058629	1	0.101389	2	0.082984	1	1	0.89861
chr4	113641520	113641604	1	-0.252083	2	0.004662	0.0063428	0.66458	0.91667
chr4	117262309	117262313	1	-0.297917	2	0.27863	0.15231	0.55208	0.85
chr4	122056018	122056085	1	-0.103175	2	0.32821	0.93773	0.68849	0.79167
chr4	122058309	122058356	1	-0.104663	2	0.037918	0.0417	0.86409	0.96875
chr4	122819588	122819616	1	-0.144048	2	0.037918	0.040672	0.77262	0.91667
chr4	125027335	125027382	1	0.139881	2	0.19487	0.14883	0.96131	0.82143
chr4	125726981	125727014	1	-0.164583	2	0.1049	0.15046	0.71042	0.875
chr4	127535846	127535875	1	-0.111111	2	0.38228	0.46344	0.8125	0.92361
chr4	128997950	128997963	1	-0.234524	2	0.0010878	1	0.76548	1
chr4	130017044	130017150	1	0.118750	2	0.27863	0.52762	0.87083	0.75208
chr4	131624914	131624945	1	0.110417	2	0.2345	0.48746	0.94375	0.83333
chr4	131879081	131879097	1	0.187500	2	0.082984	1	1	0.8125
chr4	134118664	134118699	1	0.140625	4	0.07044	1	0.14062	0
chr4	138427124	138427135	1	-0.179762	2	0.082984	0.46106	0.65208	0.83185
chr4	139829193	139829298	1	0.117708	2	0.27863	0.276	0.28958	0.17187
chr4	140334147	140334151	1	0.104167	2	0.2345	0.46121	0.95833	0.85417
chr4	140708583	140708639	1	-0.167560	2	0.064957	0.041091	0.79375	0.96131
chr4	145404332	145404355	1	0.210565	2	0.064957	0.17043	0.92708	0.71652
chr4	145431912	145431914	1	0.104300	2	0.028127	0.15496	0.9184	0.8141
chr4	145443319	145443327	1	-0.133333	2	0.32821	0.91473	0.83542	0.96875
chr4	145444114	145444116	1	0.109639	2	0.1049	0.46012	0.91976	0.81013
chr4	145578830	145578860	1	0.194345	2	0.049883	0.1499	0.70985	0.5155
chr4	145585360	145585382	1	-0.187748	2	0.064957	0.046651	0.26161	0.44936
chr4	145678735	145678919	1	0.115476	2	0.064957	0.037064	0.97173	0.85625
chr4	145683847	145684026	1	0.186505	2	0.16053	0.56673	0.85226	0.66575
chr4	145688433	145688508	1	-0.157243	3	0.024184	0.039152	0.67166	0.82891
chr4	145833986	145834054	1	-0.119616	2	0.19487	0.1896	0.85387	0.97348
chr4	145837294	145837302	1	0.146824	2	0.028127	0.0060042	0.78219	0.63537
chr4	145849236	145849268	1	0.145301	2	0.0006216	0.0062135	0.97073	0.82543
chr4	145850734	145850800	1	0.117708	2	0.27863	0.54262	0.80193	0.68423
chr4	145852076	145852156	1	0.112514	3	0.017271	0.03859	0.96187	0.84936
chr4	146057757	146058039	1	0.123025	4	0.076498	0.085704	0.88244	0.75942
chr4	146067600	146067626	1	0.158929	5	0.048307	0.088315	0.41298	0.25405
chr4	146067627	146067630	1	-0.127232	2	0.1049	0.14822	0.078125	0.20536
chr4	146067647	146067682	1	0.176587	6	0.0060989	0.040229	0.362	0.18542
chr4	146174133	146174135	1	0.126744	2	0.020668	0.0071962	0.75992	0.63318
chr4	146168078	146168080	1	0.108351	2	0.028127	0.034293	0.85875	0.7504
chr4	146174869	146174875	1	-0.127983	2	0.38228	0.93755	0.43566	0.56364
chr4	146176279	146176379	1	-0.163638	2	0.082984	0.14863	0.60794	0.77158
chr4	146176718	146176791	1	-0.128794	2	0.082984	0.042136	0.67373	0.80252
chr4	146178331	146178333	1	-0.139410	2	0.19487	0.15158	0.62101	0.76042
chr4	146240104	146240249	1	0.132203	2	0.4418	0.49715	0.54131	0.40911
chr4	146428190	146428192	1	-0.159814	2	0.13038	0.15461	0.71549	0.87531
chr4	146439953	146440012	1	-0.191578	2	0.020668	0.04703	0.58984	0.78142
chr4	146457587	146457660	1	-0.127109	2	0.049883	0.035451	0.67727	0.80438
chr4	146477090	146477092	1	0.182267	2	0.028127	0.036559	0.84246	0.66019
chr4	146477553	146477572	1	-0.169985	2	0.16053	0.18576	0.54919	0.71917
chr4	146479450	146479452	1	-0.145843	2	0.082984	0.17663	0.60829	0.75413
chr4	146480588	146480590	1	0.105095	2	0.1049	0.15231	0.61744	0.51235
chr4	146483703	146483716	1	-0.112689	2	0.4418	0.51999	0.43049	0.54318
chr4	146488980	146489066	1	-0.117859	2	0.38228	0.54526	0.39754	0.5154
chr4	146495573	146495596	1	0.184579	2	0.0029526	0.0066425	0.95287	0.7683
chr4	146497932	146497934	1	-0.155460	2	0.1049	0.039431	0.41873	0.57419
chr4	146514830	146514883	1	-0.112831	2	0.010412	0.0060311	0.80824	0.92107
chr4	146516192	146516284	1	-0.103869	2	0.4418	0.48034	0.79717	0.90104
chr4	146525213	146525215	1	0.255275	2	0.006993	0.033924	0.87507	0.61979
chr4	146527106	146527108	1	-0.171691	2	0.0029526	0.0059747	0.37321	0.54491
chr4	146525950	146526296	1	0.114209	3	0.34736	0.47014	0.7125	0.59829
chr4	146527970	146527972	1	-0.122385	2	0.028127	0.03739	0.76209	0.88447
chr4	146530882	146530986	1	-0.174144	2	0.2345	0.55081	0.55641	0.73056
chr4	146536379	146536381	1	0.102816	2	0.2345	0.45504	0.85668	0.75387
chr4	146538609	146538611	1	-0.111841	2	0.1049	0.47207	0.79705	0.90889
chr4	146718579	146718787	1	-0.145740	2	0.049883	0.16679	0.75954	0.90528
chr4	146750319	146750417	1	0.108755	4	0.07044	0.19739	0.95677	0.84802
chr4	146976090	146976142	1	0.257639	2	0.006993	0.0073605	0.92222	0.66458
chr4	147087021	147087042	1	-0.109018	2	0.50536	0.45587	0.32308	0.4321
chr4	147114202	147114291	1	-0.115100	2	0.16053	0.20451	0.76918	0.88428
chr4	147124540	147124802	1	-0.165534	2	0.13038	0.01863	0.53671	0.70224
chr4	147124842	147124873	1	0.281734	6	5.3121e-05	0.00053307	0.51874	0.23701
chr4	147124910	147124912	1	0.114010	2	0.16053	0.15696	0.27121	0.1572
chr4	147187795	147187800	1	0.147619	2	0.082984	0.16041	0.94375	0.79613
chr4	147192097	147192099	1	-0.133319	2	0.1049	0.15229	0.66644	0.79975
chr4	147196266	147196268	1	-0.134345	2	0.082984	0.15608	0.55316	0.68751
chr4	147219612	147219617	1	-0.179879	2	0.2345	0.1467	0.69413	0.87401
chr4	147219790	147219792	1	0.165084	2	0.19487	0.46097	0.75685	0.59176
chr4	147234962	147234964	1	-0.240200	2	0.0010878	0.006011	0.59206	0.83226
chr4	147232218	147232278	1	0.115388	2	0.028127	0.045873	0.91839	0.80301
chr4	147235990	147236198	1	0.182451	2	0.1049	0.17432	0.7673	0.58485
chr4	147242333	147242588	1	-0.105743	2	0.32821	0.93768	0.71152	0.81726
chr4	147255157	147255394	1	0.156931	2	0.32821	0.24056	0.70932	0.55239
chr4	147267776	147267778	1	-0.149116	2	0.13038	0.27042	0.66824	0.81736
chr4	147271969	147271974	1	-0.116883	2	0.082984	0.18292	0.82062	0.9375
chr4	147280508	147280616	1	0.203423	2	0.049883	0.044216	0.84375	0.64033
chr4	147290420	147290475	1	0.112593	2	0.064957	0.14895	0.89209	0.77949
chr4	147290475	147290689	1	-0.110857	2	0.32821	0.46068	0.67276	0.78362
chr4	147292062	147292079	1	0.107698	2	0.27863	0.2234	0.83854	0.73084
chr4	147275238	147275255	1	0.122816	4	0.011565	0.010973	0.87873	0.75591
chr4	147275505	147275508	1	0.223264	2	0.020668	0.033914	0.46354	0.24028
chr4	147275538	147275543	1	0.190625	2	0.014763	0.15362	0.55208	0.36146
chr4	147275563	147275851	1	0.173462	4	0.097254	0.39664	0.51424	0.34077
chr4	147275885	147275894	1	0.243519	3	0.020489	0.069952	0.60185	0.35833
chr4	147275906	147275909	1	0.103125	2	0.32821	0.45711	0.58646	0.48333
chr4	147333535	147333594	1	-0.133873	2	0.13038	0.034993	0.68734	0.82121
chr4	147334474	147334650	1	0.129758	2	0.020668	0.040443	0.61888	0.48912
chr4	147336379	147336381	1	-0.112968	2	0.064957	0.037562	0.87181	0.98478
chr4	147338645	147338647	1	0.119054	2	0.19487	0.45572	0.78286	0.6638
chr4	147339993	147340141	1	-0.127384	3	0.15997	0.31585	0.62411	0.75149
chr4	147348604	147348872	1	0.118655	2	0.037918	0.14966	0.93353	0.81488
chr4	147363985	147364012	1	-0.147321	2	0.064957	0.037903	0.66563	0.81295
chr4	147407914	147407970	1	-0.114948	2	0.028127	0.18681	0.80411	0.91906
chr4	147417074	147417185	1	-0.197609	2	0.020668	0.03471	0.29078	0.48839
chr4	147422045	147422047	1	0.126952	2	0.020668	0.034144	0.70306	0.5761
chr4	147424935	147424990	1	0.166484	2	0.028127	0.044748	0.77402	0.60753
chr4	147425208	147425242	1	-0.233358	2	0.010412	0.040037	0.25831	0.49167
chr4	147428991	147429051	1	0.107023	2	0.16053	0.4954	0.5637	0.45668
chr4	147433011	147433245	1	0.129001	2	0.32821	0.51103	0.51279	0.38379
chr4	147441671	147441996	1	-0.160857	3	0.14317	0.19299	0.47231	0.63317
chr4	147401228	147401303	1	-0.120736	2	0.2345	0.038175	0.70815	0.82889
chr4	147401956	147401958	1	-0.134915	2	0.19487	0.15048	0.78321	0.91812
chr4	147401996	147402008	1	-0.106172	2	0.13038	0.0359	0.54437	0.65054
chr4	147449140	147449169	1	0.163907	2	0.13038	0.14796	0.49337	0.32946
chr4	147450523	147450525	1	-0.119182	2	0.049883	0.034693	0.7889	0.90808
chr4	147492407	147492419	1	0.119886	2	0.27863	0.46273	0.98864	0.86875
chr4	147506239	147506363	1	-0.134628	2	0.004662	0.0061024	0.84975	0.98438
chr4	147515924	147515989	1	0.103729	2	0.2345	0.54168	0.80105	0.69732
chr4	147526177	147526179	1	0.166743	2	0.049883	0.14672	0.88914	0.72239
chr4	147527292	147527294	1	0.137062	2	0.064957	0.039536	0.62999	0.49293
chr4	147528808	147529086	1	0.111502	2	0.50536	0.17351	0.8322	0.7207
chr4	147585385	147585387	1	-0.154918	2	0.028127	0.039269	0.77123	0.92615
chr4	147738642	147738675	1	0.243690	5	0.00096647	0.0054791	0.62452	0.38083
chr4	147760178	147760209	1	0.101452	2	0.1049	0.039006	0.92361	0.82216
chr4	148766043	148766153	1	-0.145833	2	0.19487	0.49529	0.73512	0.88095
chr4	149810911	149810946	1	0.124779	2	0.1049	0.15231	0.67002	0.54524
chr4	150119540	150119547	1	0.166667	2	0.1049	0.15835	0.90625	0.73958
chr4	151387533	151387536	1	0.175000	2	0.19487	0.084156	0.77917	0.60417
chr4	152180516	152180533	1	0.199306	2	0.082984	0.15013	0.675	0.47569
chr4	155459539	155459557	1	0.118750	2	0.13038	0.15475	0.95833	0.83958
chr4	155841955	155841974	1	0.109722	3	0.15997	0.44347	0.97222	0.8625
chr5	3183439	3183467	1	0.117205	2	0.064957	0.034071	0.97476	0.85755
chr5	3443296	3443322	1	-0.144792	2	0.13038	0.15087	0.83958	0.98438
chr5	3665280	3665305	1	-0.102083	2	0.16053	0.4793	0.87292	0.975
chr5	4183149	4183173	1	-0.126389	2	0.27863	0.4998	0.76944	0.89583
chr5	8346273	8346309	1	-0.280506	2	0.0018648	0.0058739	0.62976	0.91027
chr5	9099929	9099932	1	-0.110119	2	0.1049	0.16803	0.79167	0.90179
chr5	10529295	10529320	1	0.133333	2	0.037918	0.041718	0.96875	0.83542
chr5	13859205	13859247	1	-0.118495	2	0.1049	0.14794	0.51701	0.63551
chr5	14903505	14903509	1	-0.105749	2	0.57374	0.49672	0.6726	0.77834
chr5	14933782	14933929	1	0.309707	3	0.0082932	0.044252	0.88373	0.57402
chr5	14946919	14946952	1	0.137680	2	0.0029526	0.0066676	0.85882	0.72114
chr5	14949885	14949972	1	0.132609	2	0.049883	0.16762	0.77009	0.63748
chr5	14949975	14949987	1	0.162158	3	0.00020117	0.00046762	0.91344	0.75128
chr5	14951938	14952095	1	0.103240	7	0.043844	0.039017	0.74382	0.64058
chr5	14961560	14961568	1	0.104540	2	0.1049	0.035098	0.8803	0.77576
chr5	14971258	14971261	1	0.105335	2	0.064957	0.15128	0.90472	0.79939
chr5	14971987	14972006	1	0.228793	2	0.028127	0.040148	0.61971	0.39092
chr5	14973223	14973621	1	0.146782	8	0.014536	0.093941	0.73208	0.5853
chr5	14989235	14989593	1	0.107897	7	0.0087443	0.025719	0.83862	0.73073
chr5	14989822	14989860	1	0.450368	2	0.0001554	0.00069512	0.84389	0.39352
chr5	14998255	14998273	1	0.154354	2	0.028127	0.0056849	0.91721	0.76285
chr5	14998275	14998301	1	-0.119497	2	0.64538	0.16887	0.61977	0.73927
chr5	15000631	15000633	1	0.138194	2	0.082984	0.034493	0.95486	0.81667
chr5	15006720	15006768	1	0.169420	2	0.16053	0.24297	0.5941	0.42468
chr5	15009037	15009149	1	0.203866	2	0.014763	0.0063101	0.90055	0.69668
chr5	15019844	15019889	1	0.227081	2	0.082984	0.25512	0.73419	0.50711
chr5	15011518	15011560	1	0.205650	2	0.0001554	0.00086767	0.90014	0.69449
chr5	15011717	15011720	1	0.416181	2	0.0001554	5.8951e-05	0.80208	0.3859
chr5	15011787	15011797	1	0.161310	2	0.028127	1	1	0.83869
chr5	15020795	15020854	1	0.147231	2	0.2345	0.47244	0.60689	0.45965
chr5	15021308	15021366	1	0.140823	2	0.006993	0.042668	0.90626	0.76543
chr5	15022036	15022038	1	0.155027	2	0.037918	0.044515	0.89507	0.74004
chr5	15022881	15022979	1	0.167126	2	0.049883	0.035323	0.77778	0.61065
chr5	15036624	15036854	1	0.131815	2	0.028127	0.15995	0.92242	0.79061
chr5	15054863	15054866	1	0.123387	2	0.028127	1	1	0.87661
chr5	15061038	15061067	1	-0.203952	2	0.2345	0.18061	0.54464	0.7486
chr5	15466531	15466654	1	-0.254503	2	0.004662	0.010528	0.58793	0.84244
chr5	15470217	15470219	1	-0.134040	2	0.010412	0.0094247	0.78319	0.91723
chr5	15473012	15473045	1	0.121194	2	0.19487	0.17121	0.90506	0.78387
chr5	15487086	15487101	1	0.110494	3	0.0045131	0.0058929	0.95625	0.84576
chr5	15507726	15507769	1	0.165994	2	0.004662	0.0060499	0.90858	0.74258
chr5	15491218	15491344	1	0.250944	2	0.0001554	0.00069178	0.63403	0.38308
chr5	15508619	15508868	1	-0.192408	2	0.2345	0.19226	0.56431	0.75672
chr5	15513327	15513329	1	0.139975	2	0.006993	0.045062	0.78336	0.64339
chr5	15588836	15589011	1	-0.224124	2	0.0010878	0.00093477	0.65099	0.87512
chr5	15591729	15591810	1	0.184220	2	0.0001554	1	1	0.81578
chr5	15600524	15600528	1	-0.151037	2	0.2345	0.45831	0.36296	0.514
chr5	15601389	15601432	1	0.176702	2	0.037918	0.037756	0.8605	0.6838
chr5	15601677	15601707	1	-0.165237	2	0.014763	0.034489	0.57257	0.73781
chr5	15606640	15606642	1	0.249669	2	0.010412	0.038604	0.5872	0.33753
chr5	15606910	15606924	1	0.131667	2	0.004662	0.0065389	0.91565	0.78398
chr5	15630879	15631067	1	-0.134313	2	0.014763	0.0059574	0.53085	0.66516
chr5	15630272	15630281	1	-0.220582	2	0.0018648	0.0060003	0.093527	0.31411
chr5	15630437	15630451	1	-0.157107	2	0.064957	0.040467	0.44477	0.60187
chr5	15643403	15643419	1	0.178626	2	0.082984	0.19325	0.86806	0.68943
chr5	15673114	15673362	1	0.142952	4	5.5136e-05	3.8295e-05	0.98333	0.84038
chr5	15680474	15680476	1	0.119629	2	0.020668	0.033963	0.91349	0.79386
chr5	15680578	15680580	1	0.299906	2	0.0001554	5.8305e-05	0.59842	0.29852
chr5	15680643	15680646	1	0.226057	2	0.014763	0.051805	0.64656	0.42051
chr5	15689678	15689680	1	0.217490	2	0.020668	0.045951	0.28214	0.064649
chr5	15690111	15690113	1	0.117390	2	0.0003108	0.00089467	0.98051	0.86312
chr5	15691129	15691319	1	0.193750	2	0.38228	0.49274	0.51458	0.32083
chr5	15699181	15699188	1	0.160538	2	0.082984	0.047401	0.73274	0.5722
chr5	17843375	17843437	1	-0.158333	2	0.32821	0.46883	0.15417	0.3125
chr5	23767043	23767059	1	0.129167	2	0.082984	1	1	0.87083
chr5	25944614	25944616	1	-0.128393	2	0.028127	0.079467	0.76201	0.89041
chr5	26007072	26007074	1	0.170202	2	0.064957	0.041524	0.38469	0.21448
chr5	26007979	26007988	1	0.104487	2	0.19487	0.15366	0.90171	0.79722
chr5	26029764	26030081	1	0.106723	3	0.26567	0.19737	0.7454	0.63868
chr5	27820839	27820873	1	-0.129464	2	0.32821	0.55836	0.61637	0.74583
chr5	32737592	32737628	1	0.144101	2	0.1049	0.14903	0.41255	0.26845
chr5	32739320	32739333	1	-0.191843	2	0.0018648	0.0012008	0.48093	0.67277
chr5	56763128	56763140	1	-0.125000	2	0.38228	1	0.875	1
chr5	64045172	64045179	1	-0.549405	2	0.0001554	6.7557e-05	0.31101	0.86042
chr5	65375625	65375656	1	-0.108333	2	0.13038	0.15113	0.87083	0.97917
chr5	67110275	67110284	1	-0.125000	2	0.19487	1	0.875	1
chr5	67440826	67440854	1	-0.229762	2	0.13038	0.18282	0.51667	0.74643
chr5	67559657	67559674	1	-0.147917	2	0.082984	1	0.85208	1
chr5	74077000	74077014	1	0.247917	2	0.16053	0.20831	0.725	0.47708
chr5	76858051	76858059	1	0.190476	2	0.014763	0.006668	0.91443	0.72396
chr5	83813732	83813780	1	0.117560	2	0.13038	0.15085	0.98214	0.86458
chr5	84012297	84012341	1	0.129167	2	0.19487	0.4641	0.95833	0.82917
chr5	85720681	85720770	1	0.125000	2	0.19487	0.47349	0.95833	0.83333
chr5	86688243	86688406	1	0.191367	3	0.020489	0.071826	0.82062	0.62925
chr5	88147605	88147682	1	-0.132804	2	0.19487	0.45485	0.65532	0.78812
chr5	93632847	93632851	1	0.160813	2	0.38228	0.45835	0.57986	0.41905
chr5	93670167	93670414	1	0.103869	2	0.4418	0.92744	0.82679	0.72292
chr5	93684870	93684879	1	-0.147407	2	0.27863	0.4889	0.61723	0.76464
chr5	94247396	94247565	1	0.114547	3	0.21892	0.44655	0.91723	0.80268
chr5	94389982	94390054	1	0.181597	2	0.064957	0.14765	0.93437	0.75278
chr5	94720729	94720752	1	-0.138699	2	0.4418	0.4818	0.79672	0.93542
chr5	94721666	94721841	1	-0.132813	4	0.17484	0.39749	0.81399	0.9468
chr5	95067226	95067341	1	0.127535	2	0.2345	0.53161	0.77526	0.64773
chr5	95179564	95179656	1	0.105147	2	0.16053	0.15132	0.88112	0.77597
chr5	95788989	95789096	1	0.172768	2	0.082984	0.18132	0.89062	0.71786
chr5	97087967	97087970	1	-0.170833	2	0.082984	1	0.82917	1
chr5	97885919	97885925	1	0.103571	2	0.2345	0.15141	0.88542	0.78185
chr5	100266813	100266833	1	0.139583	2	0.028127	1	1	0.86042
chr5	100571233	100571237	1	0.489087	2	0.0006216	0.00068002	0.52381	0.034722
chr5	104168044	104168052	1	-0.166667	2	0.4418	0.46302	0.77083	0.9375
chr5	104229403	104229407	1	0.154464	2	0.32821	0.18552	0.8497	0.69524
chr5	104571805	104571816	1	0.267708	2	0.13038	0.15171	0.28333	0.015625
chr5	114872273	114872310	1	0.108333	2	0.19487	1	1	0.89167
chr5	115340157	115340163	1	0.271875	2	0.006993	0.035549	0.34896	0.077083
chr5	115456156	115456170	1	0.198106	2	0.13038	0.15467	0.86269	0.66458
chr5	120281702	120281718	1	0.118056	3	0.078024	0.1944	0.16667	0.048611
chr5	120469241	120469253	1	0.104167	2	0.19487	1	1	0.89583
chr5	123075727	123075739	1	-0.189583	2	0.2345	0.68858	0.425	0.61458
chr5	123252431	123252439	1	0.162500	2	0.13038	0.17155	0.6625	0.5
chr5	123256324	123256336	1	-0.111111	3	0.15997	1	0.88889	1
chr5	125517573	125517791	1	-0.189583	2	0.27863	0.4677	0.63958	0.82917
chr5	130804267	130804288	1	0.141667	2	0.32821	0.17779	0.89167	0.75
chr5	134269819	134269824	1	-0.270833	2	0.028127	0.03558	0.39583	0.66667
chr5	137180253	137180255	1	0.106754	2	0.082984	0.037796	0.83071	0.72396
chr5	140876965	140877230	1	0.102083	2	0.082984	1	1	0.89792
chr5	145642312	145642378	1	0.155357	2	0.13038	0.17314	0.65506	0.4997
chr5	145679585	145679651	1	-0.123874	2	0.16053	0.15634	0.8182	0.94208
chr5	145742805	145742813	1	0.100000	2	0.082984	1	1	0.9
chr5	145762829	145762835	1	-0.210417	2	0.049883	0.15297	0.46518	0.6756
chr5	148108141	148108148	1	0.118750	2	0.19487	1	1	0.88125
chr6	3182750	3182890	1	0.233025	9	0.0001173	0.00050995	0.5529	0.31988
chr6	3182963	3182982	1	0.127435	2	0.16053	0.15041	0.4156	0.28816
chr6	3183054	3183272	1	0.155984	11	0.00023297	0.0040399	0.55494	0.39896
chr6	3183381	3184012	1	0.126405	12	0.0038883	0.066201	0.63342	0.50702
chr6	3201230	3201245	1	0.183891	4	8.8679e-05	0.00018916	0.41201	0.22812
chr6	3201532	3201534	1	0.107670	2	0.006993	0.0070743	0.47457	0.3669
chr6	3201538	3201540	1	0.157886	2	0.004662	0.0068187	0.6219	0.46401
chr6	6887235	6887246	1	-0.229167	2	0.13038	0.17331	0.68333	0.9125
chr6	25027023	25027036	1	-0.251786	2	0.004662	0.0075991	0.48571	0.7375
chr6	31356699	31356722	1	0.181250	2	0.19487	0.28772	0.88542	0.70417
chr6	31587134	31587189	1	0.167361	2	0.13038	0.15141	0.98611	0.81875
chr6	33737833	33737848	1	-0.114583	2	0.19487	1	0.88542	1
chr6	34488444	34488475	1	-0.585417	2	0.0001554	7.8967e-05	0.38958	0.975
chr6	34666979	34666995	1	0.100149	2	0.082984	1	1	0.89985
chr6	43782993	43783000	1	0.102976	2	0.19487	0.15191	0.95714	0.85417
chr6	47552788	47552816	1	-0.269345	2	0.010412	0.035466	0.64286	0.9122
chr6	47745890	47745944	1	-0.133036	2	0.2345	0.54032	0.73958	0.87262
chr6	47750052	47750054	1	0.102555	2	0.064957	0.14851	0.83164	0.72908
chr6	47748391	47748406	1	0.113070	2	0.4418	0.29251	0.35604	0.24297
chr6	47748484	47748486	1	0.150098	2	0.13038	0.1514	0.46471	0.31461
chr6	47753275	47753402	0.00035984	0.148772	13	2.5221e-10	7.2652e-09	0.15878	0.010007
chr6	47778136	47778236	1	0.154424	5	0.00012248	0.0054807	0.62044	0.46602
chr6	52206599	52206619	1	-0.222222	3	0.0055596	0.0052136	0.76389	0.98611
chr6	52254739	52254751	1	-0.137500	2	0.2345	0.49921	0.083333	0.22083
chr6	53893917	53893928	1	-0.181597	2	0.037918	0.041687	0.8059	0.9875
chr6	54369038	54369047	1	0.118750	2	0.27863	0.46164	0.975	0.85625
chr6	58594637	58594664	1	0.106326	2	0.38228	0.93503	0.50097	0.39464
chr6	60407054	60407061	1	0.179167	2	0.006993	1	1	0.82083
chr6	62581590	62581643	1	0.137500	2	0.16053	0.14955	0.84375	0.70625
chr6	67675453	67675471	1	0.153084	2	0.27863	0.53504	0.74583	0.59275
chr6	67939263	67939290	1	-0.125893	2	0.037918	0.03529	0.85625	0.98214
chr6	72181164	72181294	1	-0.149567	2	0.19487	0.47172	0.67216	0.82173
chr6	79629128	79629150	1	0.205303	2	0.1049	0.14708	0.92614	0.72083
chr6	83368424	83368435	1	0.153125	2	0.037918	0.035227	0.98438	0.83125
chr6	89216587	89216590	1	0.134921	2	0.4418	0.45642	0.96825	0.83333
chr6	90309412	90309415	1	0.154167	2	0.13038	0.15171	0.97917	0.825
chr6	90309500	90309507	1	0.129167	2	0.064957	0.041016	0.9375	0.80833
chr6	97044877	97044894	1	-0.172024	2	0.020668	0.035757	0.80714	0.97917
chr6	99322760	99322791	1	0.125893	2	0.2345	0.47714	0.94048	0.81458
chr6	99510832	99510900	1	-0.154464	2	0.19487	0.48087	0.68929	0.84375
chr6	99730062	99730070	1	0.205357	2	0.16053	0.47076	0.97917	0.77381
chr6	99933553	99933603	1	-0.172222	2	0.13038	0.15689	0.059028	0.23125
chr6	102769688	102769692	1	0.100443	2	0.16053	0.48534	0.91742	0.81698
chr6	108437297	108437303	1	0.199851	2	0.037918	0.1627	0.88021	0.68036
chr6	112526109	112526164	1	0.143101	2	0.064957	0.036518	0.94697	0.80387
chr6	113755215	113755301	1	0.233631	2	0.010412	0.0060631	0.9875	0.75387
chr6	113769081	113769085	1	0.222470	2	0.19487	0.151	0.46205	0.23958
chr6	115662192	115662197	1	-0.121528	2	0.13038	0.15914	0.86458	0.98611
chr6	116040146	116040200	1	-0.135417	2	0.38228	0.90488	0.78125	0.91667
chr6	118005775	118005788	1	0.129167	2	0.19487	0.51556	0.92292	0.79375
chr6	120659939	120659942	1	0.164583	2	0.028127	1	1	0.83542
chr6	120903063	120903108	1	-0.124306	3	0.012094	1	0.87569	1
chr6	121405570	121405579	1	0.114583	2	0.19487	1	1	0.88542
chr6	122495806	122495820	1	0.113889	3	0.068361	0.021105	0.26667	0.15278
chr6	122628665	122628672	1	0.291518	2	0.0029526	0.0059584	0.94152	0.65
chr6	125256757	125256801	1	0.106151	3	0.24152	0.44459	0.96032	0.85417
chr6	134258704	134258716	1	-0.115774	2	0.16053	0.46477	0.85923	0.975
chr6	134388583	134388603	1	-0.327083	2	0.006993	1	0.67292	1
chr6	136127925	136128102	1	0.134722	3	0.14317	0.46139	0.89167	0.75694
chr6	136750664	136750710	1	0.118056	2	0.082984	1	1	0.88194
chr6	137183445	137183472	1	0.135417	2	0.082984	1	1	0.86458
chr6	142065623	142065628	1	0.145833	2	0.082984	1	1	0.85417
chr6	144687848	144687859	1	0.232540	3	0.068361	0.19825	0.70337	0.47083
chr6	145045067	145045132	1	0.165625	4	0.0074526	0.010829	0.88229	0.71667
chr7	4618063	4618191	1	0.206250	2	0.19487	0.51883	0.92708	0.72083
chr7	5782447	5782458	1	-0.130903	2	0.064957	0.15419	0.84826	0.97917
chr7	15277130	15277136	1	-0.102480	2	0.1049	0.15783	0.86181	0.96429
chr7	22797862	22797960	1	-0.172750	2	0.037918	0.03982	0.73492	0.90767
chr7	22816210	22816284	1	0.114683	2	0.27863	0.51179	0.7619	0.64722
chr7	22822173	22822264	1	0.114227	2	0.13038	0.15313	0.80768	0.69345
chr7	22862248	22862307	1	-0.209492	2	0.1049	0.15984	0.60598	0.81548
chr7	25765533	25765612	1	-0.179464	2	0.082984	1	0.82054	1
chr7	28925298	28925315	1	-0.102778	2	0.082984	1	0.89722	1
chr7	35348290	35348320	1	-0.304167	2	0.028127	0.15434	0.425	0.72917
chr7	38506948	38506965	1	-0.124107	3	0.24152	0.44402	0.49048	0.61458
chr7	42883307	42883439	1	-0.103409	3	0.15997	0.4639	0.79242	0.89583
chr7	43155322	43155394	1	-0.113091	4	0.034808	0.032461	0.78648	0.89957
chr7	43203605	43203821	1	0.131562	2	0.064957	0.15693	0.95644	0.82488
chr7	55793617	55793691	1	0.149107	2	0.32821	0.15001	0.46161	0.3125
chr7	57679524	57679529	1	-0.135417	2	0.19487	0.46252	0.82292	0.95833
chr7	59751587	59751696	1	0.191642	2	0.0029526	0.0066279	0.97656	0.78492
chr7	59778856	59779026	1	0.152774	2	0.13038	0.16926	0.88579	0.73301
chr7	59768134	59768152	1	0.121943	2	0.16053	0.16011	0.78653	0.66458
chr7	59797318	59797320	1	-0.146378	2	0.1049	0.14816	0.75543	0.90181
chr7	64388897	64388925	1	0.275744	2	0.0029526	0.0077371	0.92366	0.64792
chr7	66813022	66813055	1	0.211458	2	0.049883	0.036803	0.9375	0.72604
chr7	67808182	67808200	1	0.170486	2	0.16053	0.5319	0.8559	0.68542
chr7	70774733	70774748	1	-0.147024	2	0.13038	0.47183	0.80714	0.95417
chr7	72104345	72104348	1	0.145833	2	0.16053	0.90758	0.66667	0.52083
chr7	75575130	75575139	1	0.284722	2	0.020668	0.041366	0.70833	0.42361
chr7	89524114	89524117	1	0.247024	2	0.049883	0.035964	0.6875	0.44048
chr7	92920075	92920109	1	-0.111607	2	0.082984	1	0.88839	1
chr7	95288587	95288785	1	-0.128804	2	0.16053	0.47838	0.6875	0.8163
chr7	95408480	95408514	1	0.114583	2	0.028127	1	1	0.88542
chr7	96955953	96956033	1	0.110119	4	0.13167	1	1	0.88988
chr7	98107593	98107622	1	0.129167	2	0.16053	0.46229	0.96875	0.83958
chr7	103615771	103615777	1	-0.135417	2	0.4418	0.90269	0.78125	0.91667
chr7	105477127	105477135	1	-0.312054	2	0.004662	0.0006758	0.30253	0.61458
chr7	107649277	107649363	1	-0.124107	3	0.044902	0.07012	0.67153	0.79563
chr7	115892746	115892753	1	0.207143	2	0.064957	0.034475	0.35417	0.14702
chr7	117166460	117166525	1	-0.125000	2	0.13038	0.47016	0.85	0.975
chr7	125615988	125616004	1	-0.101190	2	0.19487	1	0.89881	1
chr7	127477176	127477217	1	-0.156845	2	0.32821	0.34253	0.64673	0.80357
chr7	133759841	133759878	1	-0.147917	4	0.050016	0.086032	0.79479	0.94271
chr7	135714730	135714752	1	0.200397	2	0.13038	0.48989	0.48998	0.28958
chr7	136806236	136806241	1	0.250000	2	0.19487	1	1	0.75
chr7	139875203	139875247	1	0.138492	3	0.010045	0.021001	0.89425	0.75575
chr8	3260657	3260702	1	-0.431250	3	0.0055596	0.023963	0.095833	0.52708
chr8	3628052	3628111	1	0.104167	3	0.17818	0.45132	0.9375	0.83333
chr8	11486523	11486541	1	0.115675	3	0.26567	0.44333	0.41885	0.30317
chr8	13414591	13414618	1	-0.212500	2	0.037918	0.035589	0.74583	0.95833
chr8	14985406	14985423	1	0.161607	2	0.16053	0.15112	0.63244	0.47083
chr8	15519822	15519824	1	-0.138574	2	0.13038	0.15574	0.32127	0.45984
chr8	15519840	15519857	1	-0.128974	2	0.1049	0.039578	0.35535	0.48432
chr8	15520039	15520041	1	0.100350	2	0.19487	0.15129	0.34435	0.244
chr8	15520066	15520068	1	0.135827	2	0.1049	0.16859	0.49464	0.35881
chr8	18376321	18376328	1	0.164583	2	0.028127	1	1	0.83542
chr8	19697625	19697627	1	-0.139793	2	0.082984	1	0.86021	1
chr8	19702509	19702578	1	-0.128075	2	0.16053	0.4547	0.62377	0.75185
chr8	19713434	19713564	1	-0.110307	5	0.02149	0.058889	0.77158	0.88189
chr8	19719661	19719681	1	0.151605	2	0.037918	0.035227	0.99306	0.84145
chr8	19773620	19773622	1	0.130745	2	0.049883	0.16811	0.84602	0.71528
chr8	19777700	19777996	1	-0.124435	2	0.064957	0.14956	0.72694	0.85138
chr8	19910524	19910761	1	0.133995	2	0.16053	0.21733	0.77357	0.63957
chr8	19784892	19784907	1	0.100517	7	0.0027105	0.0034194	0.18986	0.089344
chr8	19784994	19785003	1	0.102391	2	0.020668	0.1556	0.22316	0.12076
chr8	19785004	19785035	1	0.144785	5	0.0014134	0.015261	0.35119	0.2064
chr8	19785067	19785122	1	0.115987	11	0.0023839	0.0028441	0.27775	0.16176
chr8	20267702	20267762	1	-0.188120	2	0.049883	0.18495	0.46268	0.6508
chr8	20122674	20122842	0.026586	0.134565	32	1.4558e-11	5.3678e-07	0.39368	0.25911
chr8	20296083	20296149	1	-0.112920	2	0.064957	0.081831	0.83797	0.95089
chr8	20425017	20425019	1	-0.140562	2	0.028127	0.034376	0.087711	0.22827
chr8	20496638	20496802	1	0.113986	2	0.19487	0.18773	0.64465	0.53066
chr8	20516386	20516661	1	0.112819	2	0.1049	0.53962	0.87628	0.76347
chr8	20526937	20526985	1	0.142113	2	0.037918	0.036353	0.95982	0.81771
chr8	20527048	20527076	1	0.109402	2	0.064957	0.15651	0.94722	0.83782
chr8	20557471	20557482	1	-0.123259	2	0.010412	0.035222	0.72401	0.84727
chr8	20812926	20812931	1	0.145121	2	0.028127	0.047538	0.91924	0.77412
chr8	20813764	20813853	1	0.116736	2	0.1049	0.46853	0.93722	0.82048
chr8	20814077	20814079	1	0.157537	2	0.020668	0.041808	0.94912	0.79158
chr8	22562381	22562392	1	0.108333	2	0.19487	1	1	0.89167
chr8	24400907	24400951	1	-0.122917	2	0.082984	1	0.87708	1
chr8	26083932	26083956	1	0.155208	2	0.4418	0.93464	0.67188	0.51667
chr8	32292950	32292958	1	0.148958	2	0.037918	0.035771	0.16458	0.015625
chr8	35184998	35185074	1	-0.203472	2	0.064957	0.16433	0.11944	0.32292
chr8	36397478	36397551	1	-0.156250	2	0.049883	0.036352	0.81875	0.975
chr8	44294955	44295040	1	-0.122024	2	0.082984	1	0.87798	1
chr8	45215642	45215675	1	0.128472	2	0.13038	0.15081	0.97222	0.84375
chr8	46333895	46333907	1	0.148810	2	0.13038	0.15891	0.98214	0.83333
chr8	47994778	47994781	1	-0.391667	2	0.0001554	1	0.60833	1
chr8	48781806	48781811	1	0.106250	2	0.19487	0.14757	0.95	0.84375
chr8	48984076	48984112	1	-0.145833	2	0.082984	0.16612	0.82292	0.96875
chr8	49089020	49089026	1	0.129167	2	0.082984	1	1	0.87083
chr8	50204906	50204909	1	0.113889	2	0.57374	0.47604	0.81181	0.69792
chr8	50911036	50911040	1	-0.183333	2	0.006993	1	0.81667	1
chr8	55115935	55115937	1	0.148018	2	0.064957	0.14755	0.76664	0.61862
chr8	71812293	71812295	1	-0.104576	2	0.13038	0.15803	0.77665	0.88123
chr8	71812850	71813060	1	-0.107068	5	0.11667	0.17969	0.69895	0.80602
chr8	71823924	71824067	1	0.110395	2	0.27863	0.92577	0.80429	0.6939
chr8	71828445	71828506	1	0.125644	4	0.0041786	0.00082277	0.95705	0.83141
chr8	71832222	71832224	1	0.104752	2	0.19487	0.47447	0.78625	0.6815
chr8	71851883	71851885	1	0.120351	2	0.004662	0.036126	0.94607	0.82572
chr8	75627996	75628015	1	-0.114583	2	0.4418	0.90227	0.78125	0.89583
chr8	83668645	83668653	1	-0.159821	2	0.16053	0.27367	0.4756	0.63542
chr8	90487296	90487316	1	0.116815	2	0.19487	1	1	0.88318
chr8	92194447	92194451	1	0.194444	2	0.037918	0.03533	0.98611	0.79167
chr8	97273482	97273494	1	0.105357	2	0.13038	0.15117	0.9875	0.88214
chr8	104143804	104143810	1	-0.208333	2	0.082984	1	0.79167	1
chr8	106500112	106500146	1	0.177083	2	0.2345	0.5139	0.51458	0.3375
chr8	108173967	108173977	1	-0.126736	2	0.082984	1	0.87326	1
chr8	109448118	109448367	1	-0.104167	2	0.082984	1	0.89583	1
chr8	110772155	110772189	1	-0.116667	2	0.38228	0.90606	0.83333	0.95
chr8	110995674	110995698	1	-0.270833	2	0.006993	1	0.72917	1
chr8	112460834	112460837	1	0.189286	2	0.1049	0.040466	0.81548	0.62619
chr8	114753181	114753184	1	0.172917	2	0.037918	0.035638	0.975	0.80208
chr8	115228730	115228745	1	0.145833	2	0.082984	1	1	0.85417
chr8	116994004	116994009	1	-0.120536	2	0.38228	0.14869	0.087054	0.20759
chr8	123600868	123601040	1	0.118663	2	0.028127	0.0081041	0.91875	0.80009
chr8	125379928	125379937	1	0.227679	2	0.19487	0.15533	0.76935	0.54167
chr8	125561590	125561600	1	-0.112500	2	0.16053	0.47358	0.82083	0.93333
chr8	125925262	125925331	1	0.297222	2	0.004662	0.0070224	0.67639	0.37917
chr8	126183356	126183366	1	0.216667	2	0.028127	0.034431	0.94792	0.73125
chr8	127190595	127190615	1	0.166667	2	0.19487	1	0.16667	0
chr9	3001385	3001453	1	0.184988	2	0.13038	0.52263	0.74896	0.56397
chr9	3004357	3004447	1	0.106341	2	0.1049	0.14803	0.97295	0.86661
chr9	3005776	3005789	1	0.166936	2	0.2345	0.24033	0.67053	0.50359
chr9	5863044	5863050	1	-0.208494	2	0.16053	0.1708	0.67692	0.88542
chr9	3023572	3023599	1	-0.105516	2	0.32821	0.74161	0.55862	0.66413
chr9	10788357	10788363	1	0.110119	2	0.19487	0.46979	0.96429	0.85417
chr9	25032187	25032200	1	0.191667	2	0.028127	1	1	0.80833
chr9	30702040	30702079	1	-0.129167	2	0.082984	1	0.87083	1
chr9	43387680	43387683	1	0.302679	2	0.0001554	0.00011269	0.8622	0.55952
chr9	45391562	45391647	1	0.102183	3	0.078024	1	1	0.89782
chr9	46379699	46379724	1	0.104527	3	0.1135	0.19731	0.99242	0.8879
chr9	49835062	49835070	1	0.157440	2	0.082984	0.16938	0.95833	0.80089
chr9	56223585	56223725	1	0.160987	17	9.2791e-08	0.00014882	0.45935	0.29837
chr9	66414313	66414389	1	0.104167	2	0.19487	1	1	0.89583
chr9	70308549	70308562	1	0.119792	2	0.082984	1	1	0.88021
chr9	72091964	72092028	1	-0.112500	2	0.082984	1	0.8875	1
chr9	77755870	77756043	1	0.110119	2	0.32821	0.90423	0.25595	0.14583
chr9	91839989	91840045	1	-0.104167	2	0.27863	0.47117	0.84375	0.94792
chr9	94724572	94724597	1	-0.155208	2	0.049883	0.039033	0.79479	0.95
chr9	96740632	96740645	1	0.118056	3	0.17818	0.19308	0.95139	0.83333
chr9	101207247	101207301	1	-0.461458	4	0.00069384	0.00018714	0.49479	0.95625
chr9	102879600	102879605	1	0.537798	2	0.0003108	0.00080192	0.72321	0.18542
chr9	104244985	104244994	1	0.136458	2	0.16053	0.46423	0.975	0.83854
chr9	105026586	105026612	1	-0.138426	3	0.34736	0.44296	0.81019	0.94861
chr9	107924128	107924185	1	0.394792	4	2.8709e-05	0.00018867	0.44167	0.046875
chr9	108852933	108852936	1	0.208333	2	0.028127	0.035211	0.95833	0.75
chr9	111858962	111858978	1	0.127778	3	0.078024	0.19438	0.97222	0.84444
chr9	118674988	118674994	1	-0.184226	2	0.064957	0.14808	0.11458	0.29881
chr9	118876821	118876841	1	-0.184524	2	0.13038	0.15881	0.79762	0.98214
chr9	118942777	118942788	1	0.139583	2	0.082984	1	1	0.86042
chr9	119135402	119135405	1	0.397619	2	0.004662	0.0056188	0.69345	0.29583
chr9	120626194	120626259	1	-0.123512	2	0.32821	0.93062	0.70982	0.83333
chr9	123462172	123462184	1	0.152186	4	0.0025688	0.019182	0.49067	0.33849
chrX	5080384	5080545	1	0.121336	2	0.16053	0.17315	0.73265	0.61131
chrX	30117719	30117729	1	-0.118750	2	0.082984	1	0.88125	1
chrX	31164362	31164400	1	-0.102242	2	0.27863	0.48216	0.72315	0.82539
chrX	31170744	31170792	1	-0.177034	2	0.16053	0.035972	0.5888	0.76584
chrX	31191110	31191277	1	0.116184	2	0.27863	0.15776	0.86591	0.74973
chrX	31212410	31212586	1	-0.151926	4	0.028819	0.19669	0.72711	0.87904
chrX	31224587	31224679	1	-0.107781	2	0.2345	0.31462	0.77764	0.88542
chrX	31228723	31228734	1	0.120839	2	0.13038	0.45779	0.90346	0.78262
chrX	31242923	31243054	1	0.109096	2	0.064957	0.15729	0.92882	0.81972
chrX	82041056	82041126	1	0.179739	2	0.1049	0.17257	0.747	0.56726
chrX	113186271	113186275	1	-0.218750	2	0.1049	0.45596	0.47917	0.69792
chrX	126773549	126773634	1	0.116063	2	0.16053	0.23897	0.67217	0.55611
chrX	126775256	126775397	1	0.107324	5	0.014912	0.18246	0.87158	0.76426
chrX	169978695	169978713	1	-0.137229	2	0.014763	0.0057181	0.845	0.98223
chrX	169978776	169978896	1	0.179480	3	0.044902	0.12073	0.6779	0.49842
chrX	169981232	169981234	1	-0.323286	2	0.0018648	0.0056817	0.24415	0.56744
chrX	169987265	169987324	1	0.281245	7	3.3853e-05	0.0013447	0.81412	0.53288
chrX	169994200	169994203	1	0.179060	2	0.010412	0.0056985	0.86296	0.6839
chrX	170810053	170810129	1	0.127538	2	0.32821	0.22907	0.83073	0.70319
chrX	170736005	170736159	1	0.101761	2	0.2345	0.4583	0.65915	0.55739
chrX	170736828	170736849	1	0.237809	2	0.0006216	0.0073605	0.89955	0.66174
chrY	90739080	90739086	1	0.119483	2	0.0029526	0.007052	0.98326	0.86378
chrY	90739462	90739474	1	-0.126534	2	0.014763	0.0062801	0.76834	0.89488
chrY	90761411	90761480	1	0.265289	9	1.4511e-05	0.00020404	0.95957	0.69428
chrY	90799353	90799355	1	0.172659	2	0.064957	0.28087	0.44084	0.26818
chrY	90800755	90800923	1	-0.172068	2	0.16053	0.19311	0.25895	0.43102
chrY	90807642	90807770	1	0.108383	6	0.18016	0.15507	0.50392	0.39554
chrY	90803612	90803695	1	0.166780	2	0.13038	0.16206	0.50829	0.34151
chrY	90804138	90804159	1	0.116253	2	0.020668	0.15928	0.95218	0.83593
chrY	90805180	90805201	1	-0.163377	2	0.0029526	0.00070556	0.049148	0.21253
chrY	90805351	90805373	1	-0.105239	2	0.2345	0.59665	0.63379	0.73903
chrY	90805623	90805948	1	0.260569	5	0.00043726	0.00027544	0.72318	0.46261
chrY	90808730	90808838	1	-0.111328	3	0.26567	0.22922	0.21782	0.32915
chrY	90808868	90808877	1	-0.279560	2	0.0029526	0.0076976	0.25794	0.5375
