chr	start	end	strand	E18pt5_3	E18pt5_4	Week4_2	Week4_3	Week4_4	X2.year_3	X2.year_4	pval	clusters
chr1	43778423	43778423	-	0.3	0.25	0	0	0	0.2	0.25	0.000496977565012778	1
chr1	57595530	57595530	+	0.5	0.5	0	0.2	0	0.545454545454545	0.3	0.0296477544334162	1
chr1	80283437	80283437	-	0.818181818181818	1	0	0.5	0	0.4	0.31578947368421	0.0466987672806926	2
chr1	84963776	84963776	+	0.523809523809524	0.461538461538462	0.2	0.260869565217391	0.357142857142857	0.24	0.235294117647059	0.0237080167071266	2
chr1	84995027	84995027	+	0.461538461538462	0.5	0	0	0.272727272727273	0.2	0.105263157894737	0.0481171805080547	2
chr1	85011151	85011151	-	0.411764705882353	0.68	0.25	0	0	0.5	0.65	0.0343006656883465	1
chr1	85025597	85025597	-	0.526315789473684	0.357142857142857	0.1	0	0	0.461538461538462	0.181818181818182	0.0452378538291902	1
chr1	85030473	85030473	-	0.80952380952381	0.666666666666667	0	0	0.5	0.95	0.923076923076923	0.0322020757355439	1
chr1	85071954	85071954	+	0.75	0.6875	0.363636363636364	0	0	0.666666666666667	0.619047619047619	0.0207230817824792	1
chr1	85076906	85076906	+	0.4375	0.6	0	0	0.2	0.55	0.35	0.0270966809555956	1
chr1	85082596	85082596	+	0.151515151515152	0.16	0.230769230769231	0.25	0.2	0.5	0.5	9.08038890841874e-05	3
chr1	85087931	85087931	-	0.5	0.470588235294118	0	0.0909090909090909	0	0.6	0.4	0.00436611509607825	1
chr1	85109392	85109392	+	0.647058823529412	0.727272727272727	0	0	0.4	0.615384615384615	0.7	0.0343113178737765	1
chr1	85118414	85118414	+	0.615384615384615	0.461538461538462	0	0.1875	0	0.55	0.333333333333333	0.0237099251652407	1
chr1	85121135	85121135	-	0.821428571428571	0.962962962962963	0.625	0.571428571428571	0.666666666666667	0.761904761904762	0.71875	0.0222682363527449	1
chr1	85181958	85181958	-	0.8125	0.724137931034483	0	0	0.461538461538462	0.823529411764706	0.894736842105263	0.0270164304846869	1
chr1	85214721	85214721	+	0.571428571428571	0.461538461538462	0	0.2	0	0.466666666666667	0.6875	0.0156786401854283	1
chr1	85215102	85215102	+	0.878787878787879	0.93939393939394	0.533333333333333	0	0	0.90625	0.918918918918919	0.0296300629638164	1
chr1	85249558	85249558	+	0.903225806451613	0.862068965517241	0.571428571428571	0.583333333333333	0.6	0.545454545454545	0.676470588235294	0.00585837463966305	2
chr1	85251194	85251194	+	0.675675675675676	0.738095238095238	0.826086956521739	0.80952380952381	0.875	0.666666666666667	0.5	0.0354252511885637	4
chr1	85270339	85270339	-	0.166666666666667	0.217391304347826	0	0.166666666666667	0	0.470588235294118	0.375	0.0171043319883718	1
chr1	85286205	85286205	-	0.682926829268293	0.708333333333333	0.45	0.523809523809524	0.454545454545455	0.484848484848485	0.366666666666667	0.0125350985998916	2
chr1	85328597	85328597	+	0.454545454545455	0.5	0	0.25	0	0.31578947368421	0.481481481481481	0.0411414151446922	1
chr1	85330145	85330145	-	0.787878787878788	0.7	0.8	0.866666666666667	1	0.513513513513513	0.641025641025641	0.0477126895768973	4
chr1	85455350	85455350	+	0.5	0.384615384615385	0	0.181818181818182	0	0.416666666666667	0.230769230769231	0.0372420070602553	1
chr1	85461810	85461810	+	0.764705882352941	0.9	0	0.5	0	0.692307692307692	0.933333333333333	0.0472184408393154	1
chr1	85492463	85492463	-	0.780487804878049	0.743589743589744	0.733333333333333	0.714285714285714	0.6875	0.542857142857143	0.454545454545455	0.00426909447241099	2
chr1	85507974	85507974	-	0.833333333333333	0.833333333333333	0.545454545454545	0	0	0.8125	0.9375	0.0439986148594721	1
chr1	85511802	85511802	-	1	0.769230769230769	0.583333333333333	0.714285714285714	0.636363636363636	1	0.933333333333333	0.043658106461387	1
chr1	85537833	85537833	+	0.636363636363636	0.636363636363636	0.5	0.571428571428571	0.454545454545455	0.909090909090909	0.823529411764706	0.00415818755073474	1
chr1	85552111	85552111	+	0.413793103448276	0.529411764705882	0	0.0769230769230769	0.1875	0.333333333333333	0.555555555555556	0.0298537192946098	1
chr1	85583709	85583709	+	0.833333333333333	1	0	0.5	0	1	0.95	0.02199212004105	1
chr1	85593350	85593350	+	0.8	0.8	0.411764705882353	0	0	0.56	0.5	0.0298022188779874	1
chr1	85594114	85594114	+	0.931034482758621	0.722222222222222	0	0	0.5	0.705882352941177	0.9	0.0499079427274429	1
chr1	85598766	85598766	+	0.739130434782609	0.645161290322581	0.928571428571429	0.9	1	0.666666666666667	0.651162790697674	0.00543808409417091	4
chr1	85600541	85600541	+	0.461538461538462	0.365853658536585	0.0714285714285714	0.0606060606060606	0.166666666666667	0.320754716981132	0.26	0.00923691768095691	1
chr1	85603312	85603312	+	0.8	0.967741935483871	0	0.533333333333333	0	0.923076923076923	0.833333333333333	0.038723952795928	1
chr1	85616937	85616937	-	0.909090909090909	0.695652173913043	0.384615384615385	0	0	0.571428571428571	0.875	0.037565244982517	1
chr1	85650915	85650915	-	0.736842105263158	0.875	0.4	0	0	0.685714285714286	0.6875	0.0225156495265755	1
chr1	85652319	85652319	+	0.222222222222222	0.333333333333333	0	0	0	0.0434782608695652	0.0588235294117647	0.00365724471035186	2
chr1	88211403	88211403	+	0.263157894736842	0.3	0	0.1	0	0.307692307692308	0.285714285714286	0.00399762061943459	1
chr1	88220771	88220771	+	0.891891891891892	0.806451612903226	0.68421052631579	0.75	0.7	0.96	1	0.00517044467121788	1
chr1	88230602	88230602	+	0.394736842105263	0.545454545454545	0.608695652173913	0.59375	0.625	0.689655172413793	0.818181818181818	0.0398847141944258	3
chr1	88239475	88239475	+	0.368421052631579	0.538461538461538	0	0.1	0	0.333333333333333	0.272727272727273	0.0084677459224649	1
chr1	88253082	88253082	+	0.833333333333333	0.888888888888889	0.764705882352941	0.875	0.727272727272727	0.625	0.4	0.0471089539805645	2
chr1	88258661	88258661	-	0.705882352941177	0.774193548387097	0.833333333333333	0.88235294117647	0.833333333333333	0.434782608695652	0.333333333333333	0.00106996624471249	2
chr1	88258922	88258922	-	0.75	1	0.411764705882353	0.466666666666667	0.272727272727273	0.0689655172413793	0.290322580645161	0.0162233057454281	2
chr1	88258963	88258963	+	0.580645161290323	0.5	0.466666666666667	0.4	0.333333333333333	0.260869565217391	0	0.0435081637559431	2
chr1	88258964	88258964	-	0.644444444444444	0.823529411764706	0.153846153846154	0.461538461538462	0.363636363636364	0.214285714285714	0.121951219512195	0.0280105527059784	2
chr1	88259219	88259219	+	0.24	0.296296296296296	0.1	0	0.153846153846154	0.0333333333333333	0	0.029593402192529	2
chr1	88259231	88259231	-	0.258064516129032	0.318181818181818	0.1	0	0	0	0.04	0.00763250778612876	2
chr1	88259319	88259319	-	0.625	0.722222222222222	0.466666666666667	0.1	0.117647058823529	0	0.181818181818182	0.0480624461661136	2
chr1	88259484	88259484	-	0.680851063829787	0.648648648648649	0.470588235294118	0.333333333333333	0.411764705882353	0.366666666666667	0.241379310344828	0.0126490837544165	2
chr1	88262170	88262170	-	1	1	0.454545454545455	0.466666666666667	0.3	0.2	0.111111111111111	0.00073211520642937	2
chr1	88262337	88262337	-	0.75	0.666666666666667	0.294117647058824	0	0.181818181818182	0	0	0.00597683966787326	2
chr1	88262359	88262359	+	0.789473684210526	0.777777777777778	0	0.428571428571429	0	0.1	0.0769230769230769	0.0265605296895074	2
chr1	88262360	88262360	-	0.85	0.933333333333333	0.210526315789474	0	0.454545454545455	0	0.25	0.0254230023704642	2
chr1	88262395	88262395	-	0.958333333333333	0.909090909090909	0.263157894736842	0.538461538461538	0.357142857142857	0.171428571428571	0.296296296296296	0.00634382841933185	2
chr1	88262406	88262406	+	0.789473684210526	0.863636363636364	0	0.157894736842105	0	0.0555555555555556	0.136363636363636	0.000721586901702716	2
chr1	88262407	88262407	-	0.833333333333333	0.91304347826087	0.294117647058824	0.235294117647059	0.133333333333333	0.0571428571428571	0.0606060606060606	0.000440237420060916	2
chr1	88276060	88276060	-	0.212121212121212	0.115384615384615	0	0.0666666666666667	0.0769230769230769	0.304347826086957	0.344827586206897	0.00793080966023352	1
chr1	88276776	88276776	+	0.647058823529412	0.655172413793103	0.444444444444444	0.409090909090909	0.2	0.615384615384615	0.588235294117647	0.0443561241738292	1
chr1	88276896	88276896	-	0.6875	0.545454545454545	0	0	0	0.363636363636364	0.4375	0.00064989682349424	1
chr1	88279555	88279555	+	0.642857142857143	0.76	0.214285714285714	0.266666666666667	0	0.424242424242424	0.407407407407407	0.0137314004101611	1
chr1	88279611	88279611	+	0.448275862068966	0.366666666666667	0.0714285714285714	0.210526315789474	0	0.238095238095238	0.129032258064516	0.0449029073146056	2
chr1	88279612	88279612	-	0.469387755102041	0.627906976744186	0.3	0.307692307692308	0.133333333333333	0.25	0.216216216216216	0.0377147580924292	2
chr1	88282240	88282240	-	0.928571428571429	0.727272727272727	0.5	0	0	1	0.722222222222222	0.0494308138097069	1
chr1	88285896	88285896	-	0.75609756097561	0.666666666666667	0.846153846153846	0.833333333333333	0.818181818181818	0.545454545454545	0.595238095238095	0.0040460495686651	4
chr1	88287673	88287673	-	0.25	0.25	0	0	0	0	0.0625	0.000544444444444444	2
chr1	88287856	88287856	+	0.583333333333333	0.586206896551724	0.733333333333333	0.769230769230769	0.666666666666667	0.380952380952381	0.521739130434783	0.0212446706749938	4
chr1	88292083	88292083	-	0.206896551724138	0.294117647058824	0.0666666666666667	0	0.0833333333333333	0.352941176470588	0.296296296296296	0.00694774033773448	1
chr1	88300778	88300778	+	0.16	0	0.0625	0	0	0.307692307692308	0.318181818181818	0.0158996413452897	1
chr1	88301690	88301690	-	0.108108108108108	0.166666666666667	0.384615384615385	0.411764705882353	0.4	0.205882352941176	0.157894736842105	0.000982392444734725	4
chr1	88302485	88302485	-	0.5	0.297297297297297	0.0714285714285714	0	0.1	0.153846153846154	0.155555555555556	0.0236842885552119	1
chr1	88303466	88303466	-	0.4	0.461538461538462	0.214285714285714	0.153846153846154	0	0.375	0.35	0.0277102549923643	1
chr1	88305124	88305124	-	0.807692307692308	0.846153846153846	0.466666666666667	0	0.375	0.833333333333333	0.75	0.0434210441360292	1
chr1	88305191	88305191	+	0.25	0.352941176470588	0.181818181818182	0.153846153846154	0	0	0	0.0430408049602084	2
chr1	107629023	107629023	+	0.642857142857143	0.565217391304348	0	0	0.363636363636364	0.578947368421053	0.730769230769231	0.0351068761762142	1
chr1	109039514	109039514	+	0.9	0.909090909090909	0	0	0.6	0.909090909090909	0.894736842105263	0.0487248511011246	1
chr1	126986060	126986060	+	1	0.8	0.545454545454545	0	0	0.857142857142857	0.833333333333333	0.0442189565590249	1
chr1	134369157	134369157	-	0.833333333333333	0.818181818181818	0	0.153846153846154	0	0.7	0.727272727272727	0.000316974335993981	1
chr1	136253006	136253006	+	0.923076923076923	1	0	0.583333333333333	0	0.75	0.833333333333333	0.0484467203988443	1
chr1	160192289	160192289	-	1	0.928571428571429	0	0.6	0	1	1	0.0352144263686084	1
chr1	171063940	171063940	+	0.228571428571429	0.25	0.321428571428571	0.421052631578947	0.25	0.5	0.482758620689655	0.0351696470037686	3
chr1	171064043	171064043	-	0.0714285714285714	0	0.111111111111111	0.166666666666667	0.230769230769231	0.3125	0.272727272727273	0.0188568095397831	5
chr1	171064545	171064545	+	0.277777777777778	0.0625	0	0	0	0.25	0.263157894736842	0.045726664396992	1
chr1	171065451	171065451	-	0	0	0.0769230769230769	0	0	0.3	0.2	0.0102457360132045	3
chr1	171065454	171065454	-	0	0	0.153846153846154	0.0769230769230769	0	0.388888888888889	0.4	0.0038272394252155	3
chr1	171065875	171065875	-	0	0	0	0	0	0.266666666666667	0.25	2.11614217435077e-06	3
chr1	171065944	171065944	+	0.113636363636364	0	0.2	0.16	0.111111111111111	0.583333333333333	0.391304347826087	0.0148423142252097	3
chr1	171066152	171066152	-	0.19047619047619	0.105263157894737	0	0.227272727272727	0	0.55	0.4	0.0384354460972586	1
chr1	171068052	171068052	-	0.461538461538462	0.607142857142857	0.307692307692308	0	0	0.555555555555556	0.518518518518518	0.0353000200011728	1
chr1	171070010	171070010	+	0.241379310344828	0.428571428571429	0	0.210526315789474	0	0.444444444444444	0.541666666666667	0.0343503983219041	1
chr1	171073823	171073823	-	0.136363636363636	0.307692307692308	0.15	0	0	0.5625	0.416666666666667	0.0219291913670085	1
chr10	17500002	17500002	-	0.3	0.571428571428571	0	0	0.2	0.8	0.666666666666667	0.0136025881863914	1
chr10	58212301	58212301	+	0.88235294117647	0.9	0	0.6	0	1	1	0.0397220208653198	1
chr10	62369115	62369115	-	0.631578947368421	0.791666666666667	0	0.363636363636364	0	0.368421052631579	0.5625	0.046629929885252	1
chr10	80666842	80666842	+	0.833333333333333	1	0	0.6	0	1	0.916666666666667	0.0466543310613517	1
chr10	81144255	81144255	+	0.923076923076923	1	0.818181818181818	1	1	0	0	0.000364042286983719	2
chr10	81144288	81144288	+	1	1	1	1	0.916666666666667	0	0	1.11429252998755e-05	2
chr10	81178087	81178087	-	0.540540540540541	0.428571428571429	0.863636363636364	0.714285714285714	0.8	0.647058823529412	0.755102040816326	0.0283267937353153	5
chr10	86073609	86073609	-	1	0.9375	1	0.875	1	0	0	8.57338820301781e-05	2
chr10	97944739	97944739	+	0.6	0.666666666666667	0.5	0	0	1	0.916666666666667	0.0324660420823544	1
chr10	108706772	108706772	-	1	0.928571428571429	0	0.6	0	1	1	0.0352144263686084	1
chr10	113960057	113960057	-	0.909090909090909	0.909090909090909	0.4	0	0	0.833333333333333	0.733333333333333	0.0125025527032747	1
chr10	129391055	129391055	+	1	1	1	0.833333333333333	1	0	0	0.000186192142691579	2
chr10	129391061	129391061	+	1	0.95	1	1	1	0	0	7.9475907965209e-07	2
chr11	3102385	3102385	-	0.428571428571429	0.483870967741935	0.714285714285714	0.8	0.588235294117647	0.714285714285714	0.733333333333333	0.043458807600715	5
chr11	3126967	3126967	+	0.717391304347826	0.716417910447761	0.404255319148936	0.372549019607843	0.472222222222222	0.444444444444444	0.360824742268041	0.00370183844867762	2
chr11	3127597	3127597	+	0.843283582089552	0.936507936507937	0.777777777777778	0.747747747747748	0.743589743589744	0.546762589928058	0.584	0.00260030424452271	2
chr11	3127598	3127598	-	0.923076923076923	0.894308943089431	0.777777777777778	0.768518518518518	0.741935483870968	0.453237410071942	0.604166666666667	0.00608322959898544	2
chr11	3127605	3127605	+	0.932203389830508	0.92	0.754901960784314	0.738317757009346	0.72	0.510948905109489	0.487603305785124	2.69632462643538e-05	2
chr11	3127606	3127606	-	0.914529914529915	0.910569105691057	0.766233766233766	0.708333333333333	0.672131147540984	0.430656934306569	0.626373626373626	0.019111954333757	2
chr11	3128980	3128980	+	0.896551724137931	0.935483870967742	0.6	0.473684210526316	0.5	0.555555555555556	0.5	0.00239196972560398	2
chr11	3129105	3129105	+	0.946428571428571	0.964705882352941	0.902439024390244	0.753846153846154	0.733333333333333	0.531914893617021	0.690721649484536	0.0402348938126958	2
chr11	3129106	3129106	-	0.926829268292683	0.907975460122699	0.765432098765432	0.766990291262136	0.854545454545454	0.593548387096774	0.635036496350365	0.00392385183027931	2
chr11	3133525	3133525	+	0.934782608695652	0.905263157894737	0.773333333333333	0.56	0.5	0.372093023255814	0.57	0.0496446762762614	2
chr11	3133526	3133526	-	0.837962962962963	0.855614973262032	0.672131147540984	0.574193548387097	0.552083333333333	0.432314410480349	0.567307692307692	0.014029092482113	2
chr11	3133534	3133534	-	0.825	0.846153846153846	0.705882352941177	0.482758620689655	0.52	0.54	0.578947368421053	0.0487487382125893	2
chr11	3143951	3143951	+	0.97489539748954	0.959459459459459	0.870786516853933	0.805970149253731	0.783333333333333	0.67175572519084	0.576744186046512	0.00472316866991054	2
chr11	3143952	3143952	-	0.92	0.90547263681592	0.840764331210191	0.737931034482759	0.803921568627451	0.678571428571429	0.566523605150215	0.0147578847952187	2
chr11	3144029	3144029	+	0.851162790697674	0.901554404145078	0.806896551724138	0.690909090909091	0.626168224299065	0.397637795275591	0.454954954954955	0.00746836054291404	2
chr11	3144030	3144030	-	0.877551020408163	0.814432989690722	0.738562091503268	0.532846715328467	0.778846153846154	0.347305389221557	0.37117903930131	0.0169166452602639	2
chr11	3154411	3154411	+	0.565217391304348	0.636363636363636	0.3	0.3	0	0.8	0.6	0.0351623852429224	1
chr11	3167669	3167669	+	0.954545454545455	1	0.5	0	0	0.833333333333333	0.714285714285714	0.0263077666804461	1
chr11	3170238	3170238	+	0.433333333333333	0.413793103448276	0.333333333333333	0.235294117647059	0.142857142857143	0.6	0.451612903225806	0.0462102984975232	1
chr11	3175191	3175191	+	0.8125	0.818181818181818	0.7	0.6	0.545454545454545	0.833333333333333	0.947368421052632	0.0240386180948453	1
chr11	3190972	3190972	+	0.833333333333333	0.764705882352941	0	0.538461538461538	0	1	0.833333333333333	0.0428509702438538	1
chr11	5168553	5168553	-	0.777777777777778	0.952380952380952	0	0	0.545454545454545	0.84	0.88	0.045166141327648	1
chr11	5168795	5168795	+	0.5	0.344827586206897	0	0.0714285714285714	0	0.5	0.3	0.0146090762196532	1
chr11	6383588	6383588	-	0.833333333333333	0.666666666666667	0	0.4	0	0.818181818181818	0.88235294117647	0.0187739531899981	1
chr11	6393014	6393014	-	0.454545454545455	0.461538461538462	0	0	0.181818181818182	0	0.153846153846154	0.0180198400398931	2
chr11	12859047	12859047	-	0.5	0.416666666666667	0	0.153846153846154	0	0.3	0.5625	0.0281842242511152	1
chr11	12861935	12861935	-	0	0	1	1	0.866666666666667	1	0.875	0.000227120906079598	5
chr11	16961902	16961902	-	1	1	1	1	1	0	0	1.55301345300595e-63	2
chr11	24136334	24136334	+	0.909090909090909	1	0.4	0	0	0.3	0	0.0199166653297429	2
chr11	46158778	46158778	-	1	1	0	0	0.636363636363636	0.9	1	0.046499622614559	1
chr11	47311013	47311013	-	0.666666666666667	0.7	0	0	0.363636363636364	0.272727272727273	0.3	0.0354171967288932	2
chr11	79584278	79584278	-	0.2	0.352941176470588	0	0	0	0.0909090909090909	0.2	0.0252240753205251	1
chr11	99155429	99155429	-	0.642857142857143	0.833333333333333	0	0.230769230769231	0	0.578947368421053	0.6	0.00653419947058239	1
chr12	20226999	20226999	-	0.358490566037736	0.375	0.5	0.6	0.5	0.567567567567568	0.689655172413793	0.0281219462451421	5
chr12	20227667	20227667	-	0.880952380952381	0.884615384615385	0.952380952380952	0.90625	1	0.72972972972973	0.631578947368421	0.00844800513764524	4
chr12	20231222	20231222	+	0.642857142857143	0.583333333333333	0.464285714285714	0.333333333333333	0.230769230769231	0.75	0.586206896551724	0.0464235917852213	1
chr12	20231650	20231650	+	0.764705882352941	0.928571428571429	0.384615384615385	0	0	0.925925925925926	1	0.0097550978522575	1
chr12	20233348	20233348	-	0.71875	0.722222222222222	0.916666666666667	1	1	0.861111111111111	0.96	0.0117838253067532	5
chr12	20233353	20233353	+	0.588235294117647	0.578947368421053	0.307692307692308	0.380952380952381	0	0.833333333333333	0.7	0.0380846402236037	1
chr12	20233567	20233567	+	0.795454545454545	0.807692307692308	0.594594594594595	0.59375	0.75	0.961538461538462	0.96969696969697	0.0135718414618644	1
chr12	20233580	20233580	+	0.829268292682927	0.833333333333333	0.58974358974359	0.633333333333333	0.75	1	0.88235294117647	0.0285477991989016	1
chr12	20233860	20233860	+	0.806451612903226	0.702702702702703	0.588235294117647	0.545454545454545	0.583333333333333	0.909090909090909	0.8	0.0117072937238895	1
chr12	20234069	20234069	+	0.793103448275862	0.782608695652174	0.590909090909091	0.642857142857143	0.727272727272727	0.967741935483871	0.857142857142857	0.0258315386819667	1
chr12	20234319	20234319	-	0.710526315789474	0.648648648648649	0.851851851851852	0.85	0.705882352941177	0.96551724137931	0.92	0.0386433980654594	3
chr12	20234361	20234361	-	0.794871794871795	0.594594594594595	0.838709677419355	0.714285714285714	0.722222222222222	1	1	0.0475234090393323	3
chr12	88121528	88121528	-	0.388888888888889	0.473684210526316	0.25	0	0	0.5	0.538461538461538	0.02105047261779	1
chr12	115728464	115728464	+	0.818181818181818	0.8	0	0.5	0	0.933333333333333	0.894736842105263	0.027726731430065	1
chr13	3406597	3406597	-	0.25	0.4	0.0714285714285714	0	0	0.384615384615385	0.210526315789474	0.0299472650815984	1
chr13	9834341	9834341	+	0.19047619047619	0.166666666666667	0.153846153846154	0.211538461538462	0.233333333333333	0.463768115942029	0.421875	0.00225334479350859	3
chr13	9834365	9834365	+	0.304347826086957	0.240384615384615	0.318181818181818	0.333333333333333	0.363636363636364	0.623529411764706	0.625	0.000445855781884918	3
chr13	9834369	9834369	+	0.422535211267606	0.375	0.444444444444444	0.517241379310345	0.411764705882353	0.71264367816092	0.644736842105263	0.00878819545464912	3
chr13	9834399	9834399	+	0.328571428571429	0.28	0.454545454545455	0.6	0.424242424242424	0.75609756097561	0.662162162162162	0.0153765907087879	3
chr13	9834428	9834428	+	0.272727272727273	0.157894736842105	0.0909090909090909	0	0	0.523809523809524	0.333333333333333	0.018638248730552	1
chr13	9834429	9834429	-	0.217391304347826	0.310344827586207	0	0.0909090909090909	0	0.517241379310345	0.368421052631579	0.00813001432258478	1
chr13	9834439	9834439	+	0.25	0.181818181818182	0.272727272727273	0	0	0.571428571428571	0.541666666666667	0.0271222897256403	1
chr13	9834445	9834445	+	0.263157894736842	0.265957446808511	0.358974358974359	0.3	0.333333333333333	0.5	0.573333333333333	0.00261563600460454	3
chr13	9834468	9834468	+	0.416666666666667	0.45	0.272727272727273	0	0	0.611111111111111	0.541666666666667	0.020531104485996	1
chr13	9834472	9834472	+	0.384615384615385	0.3	0.181818181818182	0	0	0.611111111111111	0.416666666666667	0.021242431702876	1
chr13	9834479	9834479	+	0.466666666666667	0.4	0.181818181818182	0	0	0.611111111111111	0.4	0.0189292340154085	1
chr13	12811065	12811065	-	0.857142857142857	0.941176470588235	0.384615384615385	0	0	0.739130434782609	0.739130434782609	0.0116560799830195	1
chr13	12834595	12834595	-	0.782608695652174	0.75	0.454545454545455	0	0	0.818181818181818	0.75	0.0302979863265513	1
chr13	12836418	12836418	+	0.444444444444444	0.5625	0.833333333333333	0.714285714285714	0.727272727272727	0.6	0.526315789473684	0.0281534685796093	4
chr13	12848710	12848710	-	0.5	0.533333333333333	0	0.3	0	0.571428571428571	0.642857142857143	0.0208494968710555	1
chr13	12852074	12852074	+	0.636363636363636	0.653846153846154	0.2	0	0.3	0.391304347826087	0.5	0.0242809383356303	1
chr13	12867439	12867439	-	0.80952380952381	0.8	0.416666666666667	0	0	1	0.863636363636364	0.0141032797421884	1
chr13	12891558	12891558	-	0.875	1	0.4	0	0	0.647058823529412	0.842105263157895	0.0168216194038988	1
chr13	12917810	12917810	-	0.421052631578947	0.714285714285714	0	0	0.2	0.5	0.842105263157895	0.037429356796189	1
chr13	12922346	12922346	+	0.916666666666667	0.892857142857143	0	0.5	0	0.928571428571429	1	0.0205018122315148	1
chr13	12941613	12941613	-	0.352941176470588	0.214285714285714	0	0	0	0.352941176470588	0.227272727272727	0.0121847734671622	1
chr13	12963557	12963557	+	0.625	1	0	0.4	0	1	0.9	0.0246184716087706	1
chr13	13236843	13236843	-	0.642857142857143	0.789473684210526	0.272727272727273	0	0	0.916666666666667	0.866666666666667	0.00408218374001912	1
chr13	33013442	33013442	+	0.846153846153846	1	1	0.8	1	0	0	0.000915932107241495	2
chr13	37561304	37561304	-	0.818181818181818	0.75	0.6	0	0	1	1	0.0476629149616213	1
chr13	44869832	44869832	-	0.24	0.310344827586207	0.05	0.235294117647059	0	0.4	0.416666666666667	0.046060474918006	1
chr13	44869936	44869936	+	0.111111111111111	0.121951219512195	0.363636363636364	0.239130434782609	0.217391304347826	0.467741935483871	0.358974358974359	0.0298524192015377	5
chr13	68444521	68444521	+	1	1	0	0.6	0	1	0.923076923076923	0.035501255293675	1
chr13	93934895	93934895	+	0.88235294117647	0.85	1	0.909090909090909	1	0	0	2.32970526289658e-05	2
chr13	100668406	100668406	+	0.818181818181818	0.933333333333333	0	0.5	0	0.909090909090909	0.769230769230769	0.0333526496927528	1
chr13	119488309	119488309	-	0.727272727272727	0.714285714285714	0.782608695652174	0.708333333333333	0.8	0.333333333333333	0.5	0.01126313207175	2
chr13	119488333	119488333	+	0.952380952380952	0.95	1	0.96875	1	0.571428571428571	0.76	0.0139316147260182	2
chr13	119488337	119488337	+	1	0.952380952380952	1	1	1	0.571428571428571	0.76	0.0123391407339113	2
chr13	119488338	119488338	-	0.8	0.75	0.909090909090909	0.897435897435897	0.916666666666667	0.529411764705882	0.625	0.00191916180820639	4
chr13	119488342	119488342	+	1	0.954545454545455	0.944444444444444	1	1	0.6	0.8	0.0292768907153038	2
chr13	119488349	119488349	+	0.958333333333333	0.884615384615385	1	1	0.962962962962963	0.625	0.769230769230769	0.0139282547801945	2
chr13	119488352	119488352	+	0.961538461538462	0.92	1	1	1	0.647058823529412	0.769230769230769	0.00521722409049865	2
chr13	119488356	119488356	+	1	0.888888888888889	0.951219512195122	1	1	0.647058823529412	0.692307692307692	0.00406313986650766	2
chr13	119488358	119488358	+	1	0.96	0.953488372093023	0.956521739130435	1	0.666666666666667	0.739130434782609	0.00189172695558679	2
chr13	119488749	119488749	+	0.892857142857143	0.952380952380952	1	0.962962962962963	0.970588235294118	0.48	0.727272727272727	0.0239589505530489	2
chr13	119489235	119489235	-	1	0.96551724137931	0.958333333333333	0.961538461538462	1	0	0	1.49504328625383e-06	2
chr13	119489242	119489242	-	1	0.88	0.954545454545455	1	1	0	0	4.05739415511255e-05	2
chr13	119490520	119490520	+	0.80952380952381	0.933333333333333	0.85	0.785714285714286	0.818181818181818	0	0	9.10824227601461e-05	2
chr13	119494869	119494869	-	0.928571428571429	0.875	0.8	0.928571428571429	0.962962962962963	0	0	0.000191243932547891	2
chr13	119494902	119494902	-	1	0.888888888888889	1	0.8	0.851851851851852	0	0	0.000524503460637273	2
chr13	119494905	119494905	-	1	0.92	1	0.789473684210526	1	0	0	0.000633368401508952	2
chr13	119495242	119495242	-	1	1	0.894736842105263	1	1	0	0	2.8739288429148e-05	2
chr13	119495247	119495247	-	0.933333333333333	1	1	1	1	0	0	2.54022050358163e-06	2
chr13	119596406	119596406	+	0.588235294117647	0.541666666666667	0.666666666666667	0.612903225806452	0.571428571428571	0.321428571428571	0	0.0298885127615511	4
chr13	119597617	119597617	+	0.875	0.878787878787879	0.848484848484849	1	1	0.620689655172414	0.555555555555556	0.00922182937179837	2
chr13	119597636	119597636	+	0.823529411764706	1	1	0.96	1	0.758620689655172	0.666666666666667	0.0342816695527566	4
chr13	119603049	119603049	-	0.76	0.735294117647059	0.851851851851852	0.722222222222222	0.833333333333333	0.578947368421053	0.454545454545455	0.0218601690610553	4
chr13	119608915	119608915	-	0.911764705882353	0.9	0.7	0.944444444444444	0.923076923076923	0	0	0.00104591643992142	2
chr13	119609667	119609667	+	0.88	1	0.928571428571429	1	1	0	0	6.32075946074611e-05	2
chr13	119610447	119610447	+	0.5	0.535714285714286	0.326923076923077	0.411764705882353	0.34	0.706896551724138	0.642857142857143	0.00288933527958327	1
chr13	119611407	119611407	+	0.884615384615385	0.925925925925926	1	1	1	0	0	4.09150935342887e-07	2
chr13	119613626	119613626	+	0.888888888888889	0.923076923076923	0.588235294117647	0.708333333333333	0.533333333333333	0.892857142857143	0.9375	0.0103995664140173	1
chr13	119616133	119616133	+	0.528571428571429	0.621621621621622	0.442307692307692	0.574074074074074	0.6	0.836363636363636	0.827586206896552	0.0202519414818658	3
chr13	119616134	119616134	-	0.617283950617284	0.544303797468354	0.508474576271186	0.47945205479452	0.527272727272727	0.722222222222222	0.903225806451613	0.021754179223777	1
chr13	119617350	119617350	-	0.2	0.428571428571429	0.234042553191489	0.313725490196078	0.0869565217391304	0.733333333333333	0.8	0.0151790059451789	3
chr14	19416970	19416970	+	0	0	0.8	0.826086956521739	1	0.714285714285714	0.4	0.00539797291663634	5
chr14	41723704	41723704	-	0.4375	0.272727272727273	0.1	0	0	0.272727272727273	0.375	0.0185278104677749	1
chr14	43294211	43294211	+	0.75	0.944444444444444	0	0.5	0	0.705882352941177	0.933333333333333	0.0470963908979617	1
chr14	43353856	43353856	+	0.727272727272727	0.727272727272727	0.333333333333333	0	0	0.8125	0.423076923076923	0.0455678749060609	1
chr14	64452578	64452578	+	1	1	0.538461538461538	0	0	0.9	1	0.0237883309306935	1
chr14	104715877	104715877	-	0.333333333333333	0.161764705882353	0.388888888888889	0.428571428571429	0.4	0.555555555555556	0.461538461538462	0.0499061806133479	5
chr14	123193725	123193725	-	0.642857142857143	0.833333333333333	0.466666666666667	0	0	0.923076923076923	0.9	0.0289471887521258	1
chr15	6683411	6683411	+	0.772727272727273	0.689655172413793	0.764705882352941	0.65	0.8125	0.5	0.481481481481481	0.0280030688451201	2
chr15	9016186	9016186	-	0.545454545454545	0.625	0	0	0.4	0.695652173913043	0.666666666666667	0.0405080033729699	1
chr15	9900381	9900381	-	0	0	1	1	1	1	0.909090909090909	8.91827511095063e-06	5
chr15	36720014	36720014	-	1	1	0	0.636363636363636	0	1	0.947368421052632	0.043507237312712	1
chr15	55811898	55811898	+	0.416666666666667	0.5	0	0	0.2	0.647058823529412	0.363636363636364	0.0364958994255971	1
chr15	56034035	56034035	-	1	1	1	1	1	0	0	1.55301345300595e-63	2
chr15	56034045	56034045	-	1	1	1	1	1	0	0	1.55301345300595e-63	2
chr15	70488760	70488760	+	0.36	0.428571428571429	0	0	0	0.1	0.368421052631579	0.0270601342064918	1
chr15	70488789	70488789	+	1	1	0.642857142857143	0	0	0.88235294117647	1	0.0497332330924416	1
chr15	82527520	82527520	-	0.818181818181818	0.545454545454545	0	0.4	0	0.8125	0.782608695652174	0.0335369908049787	1
chr15	103895186	103895186	-	0.714285714285714	0.962962962962963	0	0.454545454545455	0	0.631578947368421	0.9	0.0478402053943024	1
chr16	3116247	3116247	+	0.222222222222222	0.173913043478261	0	0	0	0.409090909090909	0.32	0.000928803617907491	1
chr16	3243222	3243222	+	0.730769230769231	0.795918367346939	0.588235294117647	0.659090909090909	0.527777777777778	0.82051282051282	0.947368421052632	0.0224327456659083	1
chr16	3254960	3254960	+	0.25	0.3	0	0.3	0	0.5	0.647058823529412	0.0445459150632118	1
chr16	4719572	4719572	-	0.5	0.5	0.153846153846154	0	0	0.5	0.363636363636364	0.00597413280030298	1
chr16	11144252	11144252	-	0.390243902439024	0.524137931034483	0.511111111111111	0.530864197530864	0.595744680851064	0.714285714285714	0.726027397260274	0.0230936519221029	3
chr16	17222331	17222331	+	0.181818181818182	0.25	0.529411764705882	0.615384615384615	0.8	0.55	0.333333333333333	0.0487576363486437	5
chr16	30510306	30510306	+	0.384615384615385	0.416666666666667	0	0	0	0.0625	0	0.000127037536548599	2
chr16	30510323	30510323	+	0.333333333333333	0.25	0	0	0	0	0	0.000771604938271599	2
chr16	31290665	31290665	-	0.6	0.727272727272727	0	0.272727272727273	0	0.6	0.7	0.0104957111206693	1
chr16	32076877	32076877	+	0.571428571428571	1	0.2	0	0	0.0588235294117647	0	0.0181912352411052	2
chr16	35981736	35981736	+	0.210526315789474	0.25	0.24	0.115384615384615	0.133333333333333	0.576923076923077	0.390243902439024	0.0305872785776038	1
chr16	42316336	42316336	-	0.692307692307692	0.909090909090909	0	0.363636363636364	0	0.75	1	0.0192925860590444	1
chr16	45290904	45290904	-	1	0.818181818181818	1	1	1	0	0	0.000149240548352414	2
chr16	50994588	50994588	+	0.578947368421053	0.6	0.181818181818182	0	0	0.230769230769231	0.4375	0.0128580213797294	1
chr16	57391394	57391394	+	0.210526315789474	0.192307692307692	0.166666666666667	0.153846153846154	0	0.521739130434783	0.421052631578947	0.0146045262527888	1
chr17	3079539	3079539	+	0.785714285714286	0.857142857142857	0.666666666666667	0.5	0.542857142857143	0.505154639175258	0.519480519480519	0.0185941164160596	2
chr17	3079540	3079540	-	0.881720430107527	0.900621118012422	0.711711711711712	0.56701030927835	0.655555555555556	0.5	0.585365853658537	0.0099758884824695	2
chr17	3079552	3079552	-	0.736526946107784	0.763157894736842	0.637254901960784	0.43298969072165	0.481927710843373	0.401639344262295	0.462068965517241	0.0339502048508516	2
chr17	3079564	3079564	-	0.756410256410256	0.819444444444444	0.621052631578947	0.472527472527473	0.48780487804878	0.357142857142857	0.473282442748092	0.0167716913258853	2
chr17	3082530	3082530	+	0.810810810810811	0.652173913043478	0.655172413793103	0.476190476190476	0.636363636363636	0.411764705882353	0.285714285714286	0.0438085124711986	2
chr17	3082531	3082531	-	0.824561403508772	0.773722627737226	0.627906976744186	0.494845360824742	0.641791044776119	0.380952380952381	0.484615384615385	0.0162879398565015	2
chr17	3082612	3082612	-	0.652173913043478	0.72	0.68	0.52	0.6875	0.411764705882353	0.419354838709677	0.0378933803183578	2
chr17	3082669	3082669	+	0.951219512195122	0.898305084745763	0.80952380952381	0.73469387755102	0.676470588235294	0.59375	0.691176470588235	0.0235816642109324	2
chr17	6924444	6924444	-	0.9	0.68421052631579	0.818181818181818	0.846153846153846	0.833333333333333	0	0	0.00058630448471946	2
chr17	13186500	13186500	-	0.8	0.8125	0	0.3	0	0.714285714285714	0.727272727272727	0.00535441743289093	1
chr17	13193181	13193181	-	0.9375	0.916666666666667	0.545454545454545	0	0	1	0.923076923076923	0.0282311845874309	1
chr17	13205555	13205555	-	0	0	0.923076923076923	0.923076923076923	0.909090909090909	0.857142857142857	0.5625	0.00159036271411487	5
chr17	13214547	13214547	+	0.45	0.37037037037037	0.166666666666667	0.1	0.307692307692308	0.444444444444444	0.466666666666667	0.0410431381506742	1
chr17	13215053	13215053	-	0.583333333333333	0.458333333333333	0	0	0.2	0.45	0.5	0.0100361940262418	1
chr17	13226869	13226869	+	1	1	0.5	0	0	0.9375	0.931034482758621	0.0172419854948933	1
chr17	13231856	13231856	+	0.833333333333333	0.944444444444444	0	0.583333333333333	0	1	0.916666666666667	0.0420881428435743	1
chr17	13238093	13238093	-	0.95	0.833333333333333	0.545454545454545	0	0	0.75	0.736842105263158	0.0497631258855421	1
chr17	13239160	13239160	-	0.869565217391304	0.857142857142857	0.571428571428571	0	0	0.935483870967742	0.947368421052632	0.0397374279898964	1
chr17	13324707	13324707	-	0.714285714285714	1	0	0	0.5	1	0.764705882352941	0.0471321900874894	1
chr17	13328828	13328828	-	0.866666666666667	0.75	0	0.416666666666667	0	0.727272727272727	0.736842105263158	0.0228140966608024	1
chr17	13330837	13330837	+	0.615384615384615	0.714285714285714	0	0	0.416666666666667	0.916666666666667	0.875	0.0190537384472866	1
chr17	13399232	13399232	-	0.933333333333333	0.8125	0.5	0	0	0.923076923076923	0.722222222222222	0.0383034433650823	1
chr17	13400525	13400525	-	0.545454545454545	0.407407407407407	0	0.25	0	0.333333333333333	0.35	0.0417062831199177	1
chr17	13423180	13423180	+	0	0	1	1	1	1	1	2.62267123282749e-64	5
chr17	13439071	13439071	-	0.666666666666667	0.583333333333333	0.692307692307692	0.8	0.6	0	0	0.00123827278436901	2
chr17	13444672	13444672	-	0.818181818181818	0.85	0.545454545454545	0	0	0.916666666666667	0.761904761904762	0.0496644163336916	1
chr17	13448164	13448164	+	0.722222222222222	0.705882352941177	0	0.416666666666667	0	0.65	0.538461538461538	0.042597269502231	1
chr17	13451417	13451417	+	0.91304347826087	0.818181818181818	0	0.6	0	0.941176470588235	1	0.0465497039512517	1
chr17	13549681	13549681	+	0.7	0.733333333333333	1	0.9	0.846153846153846	0.692307692307692	0.615384615384615	0.0202192426972593	4
chr17	23535074	23535074	+	0.181818181818182	0.473684210526316	0	0	0	0.454545454545455	0.5	0.0161090401372727	1
chr17	34969038	34969038	-	1	0.933333333333333	0.583333333333333	0	0	0.9	1	0.0359414848429113	1
chr17	35430133	35430133	-	0.777777777777778	0.714285714285714	0.9	1	1	1	1	0.00968637474369839	5
chr17	39844637	39844637	+	0.381981981981982	0.335	0.452830188679245	0.486486486486487	0.594470046082949	0.687595712098009	0.63716814159292	0.0159032386964494	5
chr17	39845262	39845262	-	0.272727272727273	0.181818181818182	0	0.1	0	0.357142857142857	0.692307692307692	0.0352390216998748	1
chr17	39845751	39845751	-	0.402439024390244	0.347368421052632	0.410958904109589	0.448717948717949	0.477272727272727	0.7578125	0.602739726027397	0.0170861610582251	3
chr17	39845782	39845782	-	0.444444444444444	0.541666666666667	0.523809523809524	0.708333333333333	0.571428571428571	0.794520547945205	0.794871794871795	0.0387851680522695	3
chr17	39845807	39845807	+	0	0	0.125	0.15	0.133333333333333	0.307692307692308	0.238095238095238	0.0012646131678889	5
chr17	39846351	39846351	+	0.192307692307692	0.25	0.133333333333333	0	0	0.233333333333333	0.388888888888889	0.047156039864061	1
chr17	39848815	39848815	-	0.163636363636364	0.122448979591837	0.296296296296296	0.238095238095238	0.333333333333333	0.378787878787879	0.412698412698413	0.00730923335130775	5
chr17	49447665	49447665	-	0.888888888888889	0.84	0	0.428571428571429	0	0.666666666666667	0.615384615384615	0.0236527932037513	1
chr17	50676642	50676642	-	1	0.916666666666667	0	0.636363636363636	0	1	1	0.0453677322002966	1
chr17	67605162	67605162	-	0.6	0.571428571428571	0.5	0	0	0.916666666666667	0.866666666666667	0.041844553042421	1
chr17	83861431	83861431	+	0.35	0.3	0	0.0833333333333333	0	0	0	0.00169959277265044	2
chr18	3012585	3012585	-	0.692307692307692	0.538461538461538	0	0.3	0	0.5	0.352941176470588	0.03834277632062	1
chr18	3046845	3046845	-	0.6	0.714285714285714	0	0.1	0	0.523809523809524	0.538461538461538	0.000548027680120073	1
chr18	3064347	3064347	-	0.466666666666667	0.5625	0	0.272727272727273	0	0.818181818181818	0.470588235294118	0.0449221689225928	1
chr18	20807659	20807659	-	0	0	1	1	1	0.818181818181818	1	0.000149240548352415	5
chr18	68692098	68692098	+	0.206521739130435	0.0909090909090909	0.328571428571429	0.25	0.333333333333333	0.432098765432099	0.367647058823529	0.0285783418799751	5
chr18	82161503	82161503	-	0.769230769230769	0.736842105263158	0.818181818181818	0.8	0.818181818181818	0.5	0.363636363636364	0.00262616980435049	2
chr19	9836769	9836769	+	0.583333333333333	0.5	0.444444444444444	0.333333333333333	0.533333333333333	0.1875	0.0666666666666667	0.0195272852589262	2
chr19	31284001	31284001	-	1	1	0.636363636363636	0	0	0.916666666666667	1	0.0453677322002967	1
chr19	34585755	34585755	-	0.25	0.2	0	0.2	0	0.647058823529412	0.666666666666667	0.00382084042633886	1
chr19	34602406	34602406	+	0.84	0.727272727272727	0	0	0.4	0.416666666666667	0.285714285714286	0.0370610889943242	2
chr19	36574153	36574153	-	0.733333333333333	1	0.2	0.153846153846154	0	0.5	0.529411764705882	0.00605860788592963	1
chr19	37795604	37795604	-	1	1	0.272727272727273	0	0	0.363636363636364	0.3	0.00234912252836224	2
chr19	40119797	40119797	-	0.666666666666667	0.517241379310345	0.285714285714286	0	0	0.692307692307692	0.857142857142857	0.0125938063209478	1
chr19	40119803	40119803	-	0.5	0.517241379310345	0.285714285714286	0	0	0.571428571428571	0.833333333333333	0.0240739081984049	1
chr19	40119869	40119869	-	0.473684210526316	0.230769230769231	0	0	0	0.6	0.545454545454545	0.00482263770734475	1
chr19	44982833	44982833	-	1	1	0.6	0	0	0.9	0.75	0.0475553604105514	1
chr19	49663926	49663926	-	0.375	0.363636363636364	0	0	0.2	0.434782608695652	0.473684210526316	0.0132421421085609	1
chr19	55981979	55981979	-	1	1	1	1	1	0	0	1.55301345300595e-63	2
chr19	55981990	55981990	-	1	0.75	1	1	1	0	0	0.000544444444444442	2
chr2	41987533	41987533	-	0.333333333333333	0.3	0	0.0714285714285714	0	0.333333333333333	0.333333333333333	0.000613545084370104	1
chr2	44660740	44660740	+	1	1	1	1	1	0	0	1.55301345300595e-63	2
chr2	58048870	58048870	+	1	1	1	0.9	1	0	0	2.33377675091602e-05	2
chr2	95796696	95796696	-	0	0.411764705882353	0.65	0.714285714285714	0.8	0.85	0.666666666666667	0.047824338416296	5
chr2	98516497	98516497	+	0.866666666666667	0.818181818181818	0	0.3	0	0.909090909090909	0.8	0.00426652983600875	1
chr2	99055711	99055711	+	0	0	0.8	0.9	1	1	1	0.000238780950153259	5
chr2	105945989	105945989	-	0.894736842105263	0.947368421052632	0	0.571428571428571	0	1	0.91304347826087	0.0354233901549863	1
chr2	151125673	151125673	+	0.75	0.636363636363636	0.454545454545455	0	0	1	1	0.0182787755998676	1
chr2	164725757	164725757	+	0.538461538461538	0.545454545454545	0	0	0	0.4	0.833333333333333	0.0193680834494293	1
chr2	165246418	165246418	+	0.0714285714285714	0.461538461538462	0.2	0	0	0.818181818181818	0.666666666666667	0.0291314199857994	1
chr2	175072033	175072033	-	0.571428571428571	0.647058823529412	0.2	0	0	0.416666666666667	0.352941176470588	0.00624189092390568	1
chr2	175072880	175072880	+	0.583333333333333	0.777777777777778	0	0.4	0	0.875	1	0.0184462230732499	1
chr2	177323566	177323566	+	0.555555555555556	0.35	0	0.0909090909090909	0	0.227272727272727	0.1	0.0191919347871761	1
chr3	15399647	15399647	+	1	0.941176470588235	0.5	0	0	0.666666666666667	0.75	0.0285809465245107	1
chr3	15413300	15413300	+	0.75	0.6	0	0.5	0	0.833333333333333	1	0.0426450909000876	1
chr3	15461567	15461567	-	0.25	0.3	0	0.0625	0	0.461538461538462	0.428571428571429	0.000363830713976088	1
chr3	36296142	36296142	-	1	1	0	0	0.6	1	1	0.032215647600263	1
chr3	44028062	44028062	+	0.769230769230769	0.666666666666667	0	0.5	0	0.857142857142857	0.9	0.0383612029626363	1
chr3	75412898	75412898	-	0.473684210526316	0.458333333333333	0	0.0833333333333333	0	0.258064516129032	0.205882352941176	0.000660179034402242	1
chr3	93757307	93757307	-	0.866666666666667	0.722222222222222	0	0	0.4	1	0.75	0.0220879210485733	1
chr3	106138007	106138007	-	1	1	0	0.666666666666667	0	1	1	0.0493827160493827	1
chr3	106152425	106152425	-	0.8125	0.866666666666667	0	0	0.5	0.8125	0.9	0.0315685641164311	1
chr3	106157218	106157218	-	0.916666666666667	1	0.909090909090909	1	1	0	0	4.49369633603976e-05	2
chr3	106157670	106157670	-	0.863636363636364	0.769230769230769	0	0.545454545454545	0	0.954545454545455	0.944444444444444	0.0363954196900439	1
chr3	106162522	106162522	+	0.5	0.529411764705882	0	0.363636363636364	0	0.944444444444444	0.857142857142857	0.0123562952217995	1
chr3	106172726	106172726	-	0.866666666666667	0.692307692307692	0	0.461538461538462	0	0.8	0.8125	0.0336043233713517	1
chr3	106177565	106177565	-	0.7	0.5625	0.4	0	0	0.88235294117647	0.7	0.0329948661950465	1
chr3	106178677	106178677	+	0.5	0.545454545454545	0.272727272727273	0	0	0.571428571428571	0.636363636363636	0.0142386399207312	1
chr3	106184523	106184523	-	0.428571428571429	0.692307692307692	0	0.153846153846154	0	0.7	0.888888888888889	0.00739652027333077	1
chr3	106202019	106202019	-	0.736842105263158	0.6875	0.461538461538462	0	0	1	0.956521739130435	0.0194269437467318	1
chr3	106232821	106232821	-	0.6	0.8	0.25	0	0	0.888888888888889	0.708333333333333	0.00845314784574567	1
chr3	106233115	106233115	-	0.235294117647059	0.631578947368421	0.166666666666667	0	0	0.846153846153846	0.8125	0.0140738711972286	1
chr3	106251416	106251416	-	0.916666666666667	0.85	0	0.4	0	0.714285714285714	0.789473684210526	0.0143779784969196	1
chr3	106257194	106257194	-	0	0	0.9	0.9	1	1	1	2.51795326370423e-05	5
chr3	106280394	106280394	-	1	1	0.615384615384615	0	0	1	0.941176470588235	0.0383237753141683	1
chr3	106308433	106308433	-	0.8	1	0.4	0	0	1	1	0.00979275173611113	1
chr3	121313825	121313825	-	1	0.75	0	0.6	0	1	1	0.0494912613865715	1
chr3	144657311	144657311	-	0.757575757575758	0.818181818181818	0.944444444444444	0.941176470588235	0.9375	0.625	0.75	0.0113899829202103	4
chr3	144657387	144657387	-	0.444444444444444	0.666666666666667	0.583333333333333	0.666666666666667	0.692307692307692	0	0	0.00295063986622706	4
chr4	3050345	3050345	+	0.625	0.6	0.5	0.6	1	0	0	0.03225616	2
chr4	3054266	3054266	-	0.823529411764706	0.8	0	0.5	0	0.7	0.818181818181818	0.043591308168562	1
chr4	3174489	3174489	+	0.794117647058823	0.736842105263158	0	0	0.333333333333333	0.7	0.333333333333333	0.0433745444362221	1
chr4	3224677	3224677	-	0.454545454545455	0.25	0	0.0909090909090909	0	0.307692307692308	0.428571428571429	0.0233944862182949	1
chr4	3252816	3252816	+	0.80952380952381	0.666666666666667	0.4	0	0	0.592592592592593	0.75	0.0347542372696897	1
chr4	3253997	3253997	+	0.571428571428571	0.611111111111111	0.578947368421053	0.818181818181818	0.769230769230769	0.958333333333333	0.914285714285714	0.046836492015354	3
chr4	3256230	3256230	+	0.210526315789474	0.117647058823529	0	0.181818181818182	0	0.4	0.5	0.0208338764695565	1
chr4	6455697	6455697	-	0.7	0.727272727272727	0.5	0	0	1	0.9	0.0304220114894053	1
chr4	34688657	34688657	+	0.2	0.1	0.2	0	0	0.818181818181818	0.583333333333333	0.0103205734601861	1
chr4	47603812	47603812	+	0.357142857142857	0.272727272727273	0	0	0.1	0	0.133333333333333	0.024057081823049	2
chr4	60265746	60265746	+	0.666666666666667	0.272727272727273	0	0.222222222222222	0	0.909090909090909	0.636363636363636	0.0385058861673443	1
chr4	61693861	61693861	-	1	1	0.6	0	0	1	1	0.032215647600263	1
chr4	61765174	61765174	-	0.565217391304348	0.583333333333333	0	0.230769230769231	0	0.727272727272727	0.727272727272727	0.00327133503228593	1
chr4	61838350	61838350	+	0	0	1	0.857142857142857	1	1	0.9	0.000201168058248814	5
chr4	61838355	61838355	+	0	0	1	0.916666666666667	0.818181818181818	0.916666666666667	0.9	0.000193650888662613	5
chr4	61854157	61854157	+	1	0.954545454545455	0	0	0.6	0.9375	1	0.0367552222717613	1
chr4	83540445	83540445	-	0.8	1	1	1	1	0	0	0.00021994398161448	4
chr4	95511577	95511577	+	0.7	0.7	0.181818181818182	0	0	0.578947368421053	0.666666666666667	0.00158292295941892	1
chr4	122024982	122024982	+	0.857142857142857	0.818181818181818	0.388888888888889	0	0	0.5	0.333333333333333	0.0259315905941926	1
chr4	122038490	122038490	+	0.944444444444444	1	0	0.636363636363636	0	1	1	0.0436722664581838	1
chr4	130187147	130187147	+	0.9	0.692307692307692	0.4	0	0	0.2	0.384615384615385	0.0445133779605351	1
chr4	145407469	145407469	+	0.833333333333333	0.619047619047619	0	0.2	0	0.727272727272727	0.769230769230769	0.00377698128670031	1
chr4	145437183	145437183	+	0.571428571428571	0.533333333333333	0.2	0.357142857142857	0	0.0625	0	0.0348461088311594	2
chr4	145579104	145579104	+	0.363636363636364	0.5	0.142857142857143	0	0	0.4	0.384615384615385	0.00832759157767719	1
chr4	145669685	145669685	-	0.642857142857143	0.6	0.818181818181818	0.909090909090909	1	0.666666666666667	0.785714285714286	0.0353929831061128	5
chr4	145690049	145690049	+	0.923076923076923	0.727272727272727	0	0.333333333333333	0	0.615384615384615	0.818181818181818	0.0170335710569375	1
chr4	145693233	145693233	+	0.538461538461538	0.565217391304348	0	0	0.416666666666667	0.7	0.666666666666667	0.0490399001008239	1
chr4	145830061	145830061	+	1	1	0	0.583333333333333	0	0.928571428571429	0.933333333333333	0.0328989927764258	1
chr4	145834053	145834053	+	0.892857142857143	0.863636363636364	0.666666666666667	0.818181818181818	0.692307692307692	0.631578947368421	0.6	0.0282645322722672	2
chr4	145837143	145837143	-	0.631578947368421	0.4375	0.25	0.333333333333333	0	0.9375	0.818181818181818	0.0174035176586033	1
chr4	145837212	145837212	+	0.433333333333333	0.214285714285714	0.2	0	0	0.533333333333333	0.5625	0.0232556575646726	1
chr4	145837213	145837213	-	0.45	0.411764705882353	0.357142857142857	0.0952380952380952	0	0.714285714285714	0.578947368421053	0.0418213882248075	1
chr4	145837214	145837214	+	0.5	0.357142857142857	0.0833333333333333	0	0	0.733333333333333	0.4375	0.0150963661643904	1
chr4	145837224	145837224	+	0.814814814814815	0.75	0.214285714285714	0	0	0.722222222222222	0.941176470588235	0.00329959797655291	1
chr4	145837431	145837431	+	0.5625	0.526315789473684	0	0.466666666666667	0	0.8	0.838709677419355	0.0442226615205631	1
chr4	145844703	145844703	+	0	0	1	0.9	0.833333333333333	0.95	0.818181818181818	0.000371118354773332	5
chr4	146055339	146055339	+	0.454545454545455	0.45	0	0	0.2	0.583333333333333	0.55	0.00523324041544576	1
chr4	146057987	146057987	+	0.625	0.647058823529412	0.545454545454545	0.8	0.6	0	0	0.00331741273683564	2
chr4	146065221	146065221	+	0.6875	0.916666666666667	0.538461538461538	0	0	0.916666666666667	0.88235294117647	0.0482509183215518	1
chr4	146103111	146103111	-	0.444444444444444	0.333333333333333	0	0.0909090909090909	0.0909090909090909	0.266666666666667	0.259259259259259	0.00623957058250859	1
chr4	146203578	146203578	-	0.375	0.363636363636364	0.117647058823529	0	0	0.307692307692308	0.388888888888889	0.00447763582555491	1
chr4	146239577	146239577	+	0.125	0	0	0	0	0.275862068965517	0.25	0.00755854567322197	1
chr4	146239627	146239627	+	0.133333333333333	0	0.266666666666667	0	0	0.666666666666667	0.642857142857143	0.0114351536414124	1
chr4	146239636	146239636	+	0	0	0	0	0	0.260869565217391	0.428571428571429	0.00585187844626456	3
chr4	146242262	146242262	+	0.64	0.583333333333333	0	0	0.363636363636364	0.733333333333333	0.7	0.0221594730014566	1
chr4	146428955	146428955	+	0.620689655172414	0.714285714285714	0	0.4	0	0.6875	0.833333333333333	0.0295181452671389	1
chr4	146456474	146456474	-	0.361111111111111	0.382352941176471	0.277777777777778	0.272727272727273	0	0.703703703703704	0.543478260869565	0.0460777727457142	1
chr4	146474982	146474982	-	0	0	0.5	0.785714285714286	0.5	0.944444444444444	0.8	0.00556927472334234	5
chr4	146474987	146474987	-	0	0	1	0.733333333333333	1	1	1	0.00125700438739023	5
chr4	146475006	146475006	-	0	0	0.866666666666667	1	0.727272727272727	0.875	1	0.00142430199282209	5
chr4	146475324	146475324	+	0.368421052631579	0.642857142857143	0	0.363636363636364	0	0.777777777777778	0.705882352941177	0.0432921873770814	1
chr4	146475348	146475348	-	0.454545454545455	0.5	0	0.454545454545455	0	0.928571428571429	0.846153846153846	0.0321138828691963	1
chr4	146478678	146478678	+	0.777777777777778	0.777777777777778	0.666666666666667	0.6	0.588235294117647	0.85	0.909090909090909	0.00338254548362337	1
chr4	146496443	146496443	-	0.12	0.277777777777778	0	0.0909090909090909	0	0.5	0.466666666666667	0.00487913439264297	1
chr4	146514044	146514044	-	0.363636363636364	0.5	0	0.272727272727273	0	0.615384615384615	0.473684210526316	0.0383010290458558	1
chr4	146523820	146523820	-	0.807692307692308	0.6	0	0.466666666666667	0	0.857142857142857	0.9375	0.0340882016998304	1
chr4	146718580	146718580	-	0.68	0.689655172413793	0.821428571428571	0.75	1	0.518518518518518	0.545454545454545	0.0424250663919441	4
chr4	146975127	146975127	-	0.733333333333333	0.625	0.142857142857143	0	0	0.416666666666667	0.55	0.00261272008735059	1
chr4	147086989	147086989	+	0.230769230769231	0.307692307692308	0.153846153846154	0.0769230769230769	0	0.4	0.375	0.0120729266875216	1
chr4	147087021	147087021	+	0	0.166666666666667	0.0833333333333333	0.153846153846154	0	0.428571428571429	0.375	0.0242920266172161	3
chr4	147124867	147124867	-	0.307692307692308	0.31578947368421	0	0.166666666666667	0	0.285714285714286	0.5	0.0434925243619841	1
chr4	147141979	147141979	+	0.206896551724138	0.318181818181818	0.625	0.64	0.5	0.592592592592593	0.478260869565217	0.0233937003048856	5
chr4	147219612	147219612	+	0.666666666666667	0.666666666666667	0.545454545454545	0	0	0.964285714285714	0.875	0.0497628940108426	1
chr4	147227950	147227950	-	0.357142857142857	0.228571428571429	0.55	0.4375	0.571428571428571	0.173913043478261	0.235294117647059	0.0176955114380953	4
chr4	147235831	147235831	+	0.5	0.538461538461538	0.142857142857143	0	0	0.590909090909091	0.538461538461538	0.00129582838209633	1
chr4	147258755	147258755	+	0.409090909090909	0.5	0.928571428571429	0.857142857142857	0.8	0.620689655172414	0.666666666666667	0.00386429111627224	5
chr4	147258756	147258756	-	0.6875	0.7	0	0	0.285714285714286	0.785714285714286	0.782608695652174	0.00497134151497273	1
chr4	147268737	147268737	-	0.333333333333333	0.32	0.5625	0.666666666666667	0.428571428571429	0.695652173913043	0.611111111111111	0.0487679276980735	5
chr4	147272699	147272699	-	0.4	0.7	0	0	0.25	0.8	0.545454545454545	0.0378370888566939	1
chr4	147275384	147275384	-	0.692307692307692	0.4375	0	0.142857142857143	0	0.272727272727273	0.181818181818182	0.0181758313151888	1
chr4	147276021	147276021	+	0.333333333333333	0.307692307692308	0.0666666666666667	0.2	0	0.368421052631579	0.529411764705882	0.0287933129324775	1
chr4	147276023	147276023	+	0.375	0.384615384615385	0.235294117647059	0	0	0.444444444444444	0.352941176470588	0.0394591892019967	1
chr4	147276038	147276038	+	0.473684210526316	0.533333333333333	0.25	0	0	0.5	0.529411764705882	0.015296459920777	1
chr4	147276045	147276045	+	0.789473684210526	0.733333333333333	0.352941176470588	0	0	0.631578947368421	0.647058823529412	0.0154505880816298	1
chr4	147276048	147276048	+	0.4	0.266666666666667	0.117647058823529	0	0	0.368421052631579	0.1875	0.0468920417396891	1
chr4	147284833	147284833	-	0.866666666666667	0.769230769230769	0	0.545454545454545	0	0.9	0.833333333333333	0.0461687556813914	1
chr4	147292362	147292362	+	0.894736842105263	0.888888888888889	0.615384615384615	0	0	1	0.956521739130435	0.0465814408143678	1
chr4	147294151	147294151	-	0.769230769230769	0.857142857142857	0.411764705882353	0	0	0.9	0.625	0.0307069994826015	1
chr4	147306398	147306398	+	0.888888888888889	0.9	0	0.545454545454545	0	0.9375	0.888888888888889	0.0333105766114151	1
chr4	147309824	147309824	-	0.785714285714286	0.909090909090909	0	0.333333333333333	0	0.666666666666667	1	0.0171124628341268	1
chr4	147402021	147402021	-	0.692307692307692	0.6	0.952380952380952	0.853658536585366	0.96	0.666666666666667	0.811320754716981	0.0325435478085309	5
chr4	147411343	147411343	-	0.272727272727273	0.272727272727273	0.533333333333333	0.461538461538462	0.545454545454545	0	0	0.000163022734115224	4
chr4	147420444	147420444	+	0.564102564102564	0.571428571428571	0.814814814814815	0.88235294117647	0.846153846153846	0.708333333333333	0.757575757575758	0.00130303914434425	5
chr4	147424645	147424645	+	0.444444444444444	0.526315789473684	0.142857142857143	0	0	0.4	0.428571428571429	0.00335610159889859	1
chr4	147449141	147449141	+	0.428571428571429	0.181818181818182	0	0.133333333333333	0	0.428571428571429	0.4	0.0360139730455221	1
chr4	147449224	147449224	+	0.454545454545455	0.5	0	0.166666666666667	0	0.2	0.5	0.0461269465814078	1
chr4	147449970	147449970	+	0.526315789473684	0.571428571428571	0	0.25	0	0.666666666666667	0.4375	0.0242142642905654	1
chr4	147504357	147504357	-	1	0.846153846153846	0.5	0	0	0.916666666666667	0.857142857142857	0.0260898103642209	1
chr4	147527293	147527293	+	0.6	0.727272727272727	0.476190476190476	0.409090909090909	0.25	0.740740740740741	0.631578947368421	0.0455977515597762	1
chr4	147604422	147604422	-	0.545454545454545	0.75	0	0.363636363636364	0	0.5	0.545454545454545	0.0495116694245774	1
chr4	147777051	147777051	-	0.818181818181818	0.8	0	0.428571428571429	0	0.5	0.6	0.0343535002305495	1
chr4	147777062	147777062	+	0.6	0.533333333333333	0.384615384615385	0	0	0.818181818181818	0.769230769230769	0.0227914360516342	1
chr4	147808990	147808990	+	0.5	0.5	0.75	0.9	0.727272727272727	0.941176470588235	0.764705882352941	0.0336933442923285	5
chr4	147816491	147816491	+	0.818181818181818	1	0.538461538461538	0	0	0.727272727272727	0.785714285714286	0.0479021007578462	1
chr5	13859247	13859247	-	0.523809523809524	0.7	0	0.25	0	0.25	0.526315789473684	0.0463212145737127	1
chr5	14903538	14903538	+	0.928571428571429	0.666666666666667	0.4	0.05	0.294117647058824	0.625	0.764705882352941	0.039694471567826	1
chr5	14911378	14911378	+	1	1	0.85	0.916666666666667	1	0	0	7.35806151374856e-05	2
chr5	14921219	14921219	-	0	0	0.631578947368421	0.7	0.526315789473684	0.733333333333333	0.9	0.00142884204841036	5
chr5	14928062	14928062	+	1	1	1	0.826086956521739	1	0	0	0.000221407441425739	2
chr5	14933783	14933783	-	0.714285714285714	0.5625	0	0.3125	0.157894736842105	0	0	0.013833481463576	2
chr5	14941215	14941215	-	1	1	1	1	1	0	0	1.55301345300595e-63	2
chr5	14947967	14947967	+	0.3	0.421052631578947	0.354166666666667	0.272727272727273	0.45	0	0.0909090909090909	0.0261689242091062	2
chr5	14949033	14949033	+	0	0	0.285714285714286	0.4	0.5	0.727272727272727	0.416666666666667	0.0289227240739771	5
chr5	14952094	14952094	+	0.764705882352941	0.8	0.25	0.4	0.454545454545455	0.6	0.68421052631579	0.0113999826873228	1
chr5	14960487	14960487	-	0	0	0.967741935483871	0.925925925925926	0.88235294117647	1	1	7.70231999347394e-06	5
chr5	14963509	14963509	+	0.615384615384615	0.615384615384615	0.947368421052632	0.740740740740741	0.863636363636364	0.9	0.857142857142857	0.0417747630447379	5
chr5	14963660	14963660	+	0.714285714285714	0.75	0.5	0.692307692307692	0.88235294117647	0	0	0.00868131616454304	2
chr5	14963794	14963794	-	0	0	0.8	0.666666666666667	0.761904761904762	1	1	7.2150659564419e-05	5
chr5	14971988	14971988	-	0	0	0.484848484848485	0.447368421052632	0.31578947368421	0.6875	0.571428571428571	0.0026599569852413	5
chr5	14972065	14972065	-	0	0	0.933333333333333	0.625	0.727272727272727	0.5	0.5	0.00434361996742197	5
chr5	14973475	14973475	+	0.941176470588235	1	0.636363636363636	0.638888888888889	0.448275862068966	1	0.954545454545455	0.00789163470154639	1
chr5	14973622	14973622	-	0.777777777777778	0.6875	0.3	0.371428571428571	0.545454545454545	0.69047619047619	0.807692307692308	0.0329960321629489	1
chr5	14974284	14974284	+	0.9375	0.8	0.615384615384615	0.769230769230769	0.8	0	0	0.000969999533115173	2
chr5	14974393	14974393	-	1	0.9	0.866666666666667	0.862068965517241	1	0	0	0.000192976076404679	2
chr5	14974519	14974519	-	0	0	0.5	0.538461538461538	0.384615384615385	0.454545454545455	0.416666666666667	0.001833925873934	5
chr5	14979821	14979821	+	0.692307692307692	0.833333333333333	1	0.727272727272727	1	0	0	0.00283144541894887	4
chr5	14979826	14979826	+	1	0.833333333333333	1	0.818181818181818	1	0	0	0.000796614047960688	2
chr5	14989822	14989822	+	0.666666666666667	0.75	0.290322580645161	0.111111111111111	0.19047619047619	0.470588235294118	0.578947368421053	0.00499264458936327	1
chr5	14989823	14989823	-	0.9375	1	0.35	0.2	0	0.692307692307692	0.888888888888889	0.00768843841023073	1
chr5	14989860	14989860	-	0.8	1	0.333333333333333	0.318181818181818	0	0.75	0.625	0.0191128297501842	1
chr5	14994210	14994210	+	1	1	0.71875	0.733333333333333	0.736842105263158	0.8125	0.833333333333333	2.05755219600873e-05	2
chr5	14994661	14994661	+	0	0	0.722222222222222	0.769230769230769	0.888888888888889	0.666666666666667	0.818181818181818	0.000883425844588583	5
chr5	14994671	14994671	+	0	0	0.555555555555556	0.571428571428571	0.823529411764706	0.769230769230769	0.833333333333333	0.00352456699267306	5
chr5	14994757	14994757	+	0	0	0.8	0.7	0.8	0.777777777777778	0.846153846153846	0.000102057357578453	5
chr5	14994758	14994758	-	1	0.923076923076923	0.925925925925926	0.5	0.5625	0	0	0.00995336350750618	2
chr5	14997756	14997756	+	1	1	1	1	1	0	0	1.55301345300595e-63	2
chr5	15000020	15000020	-	0.933333333333333	1	0.476190476190476	0.214285714285714	0.307692307692308	1	1	0.00240259404847181	1
chr5	15004211	15004211	+	1	1	0.875	1	1	0	0	5.77666017087124e-05	2
chr5	15004227	15004227	+	0.785714285714286	1	0.578947368421053	0.538461538461538	0.833333333333333	0	0	0.00617485850668972	2
chr5	15004228	15004228	-	1	0.636363636363636	1	1	1	0	0	0.00245594799906022	2
chr5	15005813	15005813	+	0.333333333333333	0.153846153846154	0.833333333333333	0.583333333333333	0.642857142857143	0.461538461538462	0.5625	0.0361954138168473	5
chr5	15007833	15007833	-	0	0	0.714285714285714	0.7	0.8	0.8	0.9	0.000144894586455901	5
chr5	15011718	15011718	+	0.571428571428571	0.818181818181818	0.483870967741935	0.333333333333333	0.461538461538462	1	0.928571428571429	0.0134952755037888	1
chr5	15011720	15011720	+	0.55	0.818181818181818	0.451612903225806	0.318181818181818	0.416666666666667	1	0.933333333333333	0.0115479112114394	1
chr5	15014595	15014595	+	0.470588235294118	0.333333333333333	0	0.0833333333333333	0	0.1875	0.304347826086957	0.011391897451467	1
chr5	15019889	15019889	+	0.535714285714286	0.4	0.2	0.0989010989010989	0.195402298850575	0.621621621621622	0.653846153846154	0.00287089751548728	1
chr5	15022037	15022037	+	0.866666666666667	0.923076923076923	0.593220338983051	0.6	0.595238095238095	0.931034482758621	0.888888888888889	0.000234362887623833	1
chr5	15022496	15022496	-	0.818181818181818	0.823529411764706	0.611111111111111	0.428571428571429	0.5	0.7	0.866666666666667	0.0309289278341596	1
chr5	15032238	15032238	+	0.928571428571429	0.9	0.692307692307692	0.473684210526316	0.555555555555556	0.6	0.615384615384615	0.0193999788998843	2
chr5	15037446	15037446	-	0.733333333333333	0.806451612903226	0.730769230769231	0.622950819672131	0.573770491803279	0.909090909090909	0.928571428571429	0.0213744749633943	1
chr5	15037509	15037509	-	0.533333333333333	0.695652173913043	0.810810810810811	0.696969696969697	0.638297872340426	0.423076923076923	0.428571428571429	0.0486998035693119	4
chr5	15043599	15043599	-	0.833333333333333	0.944444444444444	0.4375	0.6	0.714285714285714	0	0	0.00266957755393233	2
chr5	15043602	15043602	-	0.923076923076923	0.789473684210526	0.722222222222222	0.7	0.857142857142857	0	0	0.000612358748470769	2
chr5	15043613	15043613	-	0.909090909090909	0.8	0.59375	0.566666666666667	0.785714285714286	0	0	0.0016494936230238	2
chr5	15045269	15045269	-	0.833333333333333	0.909090909090909	0.5625	0.636363636363636	0.642857142857143	0.9	0.714285714285714	0.0437644880455303	1
chr5	15051079	15051079	+	0	0	0.772727272727273	0.833333333333333	0.818181818181818	1	0.833333333333333	0.000221933596318212	5
chr5	15051445	15051445	+	1	0.833333333333333	0.947368421052632	0.857142857142857	0.923076923076923	0	0	0.000228573661944905	2
chr5	15054945	15054945	-	0	0	0.75	0.833333333333333	0.857142857142857	0.8	0.75	6.79929238786775e-05	5
chr5	15060173	15060173	-	1	1	0.5	0.454545454545455	0.916666666666667	0	0	0.0125970217201534	2
chr5	15060187	15060187	-	1	1	1	0.7	1	0	0	0.00202211023939768	2
chr5	15061232	15061232	+	0	0	0.75	0.857142857142857	0.952380952380952	0.823529411764706	1	0.00100488039100434	5
chr5	15061283	15061283	+	0	0	1	1	0.954545454545455	1	1	9.61976995439175e-07	5
chr5	15061393	15061393	+	0	0	1	1	1	1	1	2.62267123282749e-64	5
chr5	15061515	15061515	+	1	0.9	1	1	0.863636363636364	0	0	0.000175252058861749	2
chr5	15061540	15061540	+	1	1	0.9	1	1	0	0	2.33377675091599e-05	2
chr5	15061542	15061542	+	1	1	0.583333333333333	0.555555555555556	0.615384615384615	0	0	3.12533233245987e-06	2
chr5	15061543	15061543	-	1	1	0.608695652173913	0.657142857142857	0.6875	1	1	0.000222487464403628	1
chr5	15061546	15061546	+	1	1	0.916666666666667	1	1	0	0	1.11429252998754e-05	2
chr5	15461441	15461441	-	0.9	0.9	0.892857142857143	0.769230769230769	0.916666666666667	0	0	0.000127383032723081	2
chr5	15461574	15461574	-	1	1	0.857142857142857	0.84375	1	0	0	0.000135281856922142	2
chr5	15461619	15461619	-	1	1	0.909090909090909	0.933333333333333	1	0	0	1.08158066907393e-05	2
chr5	15463664	15463664	+	1	0.941176470588235	0.75	0.636363636363636	0.676470588235294	0.869565217391304	0.88235294117647	0.0056363579822719	1
chr5	15468783	15468783	+	0.5	0	0.783783783783784	0.897435897435897	0.739130434782609	1	1	0.0333472289568317	5
chr5	15468819	15468819	+	0	0	0.705882352941177	0.763157894736842	0.818181818181818	1	0.9	0.000114764429699948	5
chr5	15473044	15473044	+	0.7	0.8125	0.653846153846154	0.8	0.526315789473684	0	0	0.00339815939168424	2
chr5	15483948	15483948	+	0	0	0.717948717948718	0.84	0.875	0.714285714285714	0.909090909090909	0.00112099186754031	5
chr5	15487087	15487087	+	0.818181818181818	1	0.8125	0.766666666666667	0.785714285714286	0	0	0.000288818955764381	2
chr5	15487090	15487090	+	0.909090909090909	0.941176470588235	0.911764705882353	0.793103448275862	1	0	0	0.000333627196669444	2
chr5	15507437	15507437	+	0	0	0.857142857142857	0.857142857142857	0.75	1	0.9	0.000127428285437848	5
chr5	15507769	15507769	+	1	1	0.772727272727273	0.583333333333333	0.666666666666667	0.909090909090909	0.928571428571429	0.0122985753636326	1
chr5	15508274	15508274	-	0	0	0.375	0.538461538461538	0.4	0.176470588235294	0	0.0104101994452763	4
chr5	15512394	15512394	+	0	0	0.909090909090909	0.75	1	1	1	0.000618286146620646	5
chr5	15512527	15512527	+	0.3	0	0.555555555555556	0.478260869565217	0.391304347826087	0.909090909090909	0.692307692307692	0.0263245298888522	5
chr5	15514108	15514108	+	1	1	0.517241379310345	0.583333333333333	0.454545454545455	0.8	0.941176470588235	0.00300719768397217	1
chr5	15514220	15514220	+	0	0	0.862068965517241	0.714285714285714	0.95	1	1	0.000533127405781769	5
chr5	15514605	15514605	-	1	1	0.705882352941177	0.68421052631579	0.75	0	0	4.33061305710306e-06	2
chr5	15517642	15517642	+	0	0	0.473684210526316	0.461538461538462	0.75	0.846153846153846	0.578947368421053	0.0176707403647747	5
chr5	15524758	15524758	+	0	0	0.625	0.666666666666667	0.80952380952381	1	0.923076923076923	0.000444354049768119	5
chr5	15589272	15589272	-	0.714285714285714	0.571428571428571	0.55	0.470588235294118	0.5625	0	0.230769230769231	0.013643593909189	2
chr5	15591730	15591730	+	0.75	0.533333333333333	0.538461538461538	0.72972972972973	0.741935483870968	0	0	0.00545711212541477	2
chr5	15591731	15591731	-	0	0	0.518518518518518	0.733333333333333	0.666666666666667	0.818181818181818	1	0.00193342722569612	5
chr5	15594437	15594437	-	0.636363636363636	1	1	0.8	0.6	0	0	0.0183891477573378	2
chr5	15597800	15597800	-	1	1	0.588235294117647	0.76	1	0	0	0.00489646733259898	2
chr5	15603678	15603678	-	0.727272727272727	0.769230769230769	0.4	0.5	0.3	0.8	0.933333333333333	0.00821713449266726	1
chr5	15611551	15611551	+	0	0	0.545454545454545	0.576923076923077	0.846153846153846	1	0.818181818181818	0.00541199290108074	5
chr5	15630273	15630273	-	0.142857142857143	0	0.375	0.333333333333333	0.45	0	0.05	0.00726983420554239	4
chr5	15630879	15630879	+	0	0	0.753846153846154	0.544117647058823	0.658536585365854	0.583333333333333	0.761904761904762	0.00330014846114914	5
chr5	15645081	15645081	-	0	0	0.714285714285714	0.708333333333333	0.846153846153846	1	1	0.000116501863825727	5
chr5	15653568	15653568	-	0	0	0.944444444444444	0.705882352941177	0.941176470588235	0.9	0.909090909090909	0.00106896644041333	5
chr5	15659140	15659140	-	0	0.4	0.263157894736842	0.333333333333333	0.25	0.909090909090909	0.833333333333333	0.0180038625280553	3
chr5	15677831	15677831	-	0	0	0.846153846153846	0.837837837837838	0.935483870967742	1	1	2.2178980334626e-05	5
chr5	15678769	15678769	+	0.909090909090909	1	0.735294117647059	0.692307692307692	0.5	0	0	0.00127893918435085	2
chr5	15679093	15679093	+	0.727272727272727	0.714285714285714	0.8	0.52	0.529411764705882	0	0	0.00550665873859573	2
chr5	15680643	15680643	+	0.964285714285714	1	0.719298245614035	0.64406779661017	0.636363636363636	0.966666666666667	1	0.000930754110126598	1
chr5	15680644	15680644	-	0.933333333333333	0.952380952380952	0.605263157894737	0.604166666666667	0.512820512820513	0.818181818181818	0.857142857142857	0.00120853020620002	1
chr5	15681822	15681822	+	0.375	0.5	0.705882352941177	0.655172413793103	0.56	0.7	0.730769230769231	0.0346294581172948	5
chr5	15681823	15681823	-	0.333333333333333	0.571428571428571	0.659574468085106	0.760869565217391	0.8	0.428571428571429	0.44	0.0418286870079697	4
chr5	15684181	15684181	-	1	0.909090909090909	0.678571428571429	0.529411764705882	0.590909090909091	0	0	0.000260575517201437	2
chr5	15687198	15687198	-	0	0	0.942857142857143	0.947368421052632	0.945945945945946	1	1	6.3024285769499e-11	5
chr5	15687212	15687212	-	0	0	1	0.975	0.976190476190476	1	1	8.05487120068512e-08	5
chr5	15687362	15687362	-	0	0	0.973684210526316	0.895833333333333	0.954545454545455	1	0.888888888888889	5.47789874715776e-05	5
chr5	15689588	15689588	+	0.676470588235294	0.863636363636364	0.361702127659574	0.528571428571429	0.375	0.861111111111111	0.68	0.0388405516072419	1
chr5	15690417	15690417	+	0	0	0.942857142857143	0.894736842105263	1	0.909090909090909	1	5.57480510932779e-05	5
chr5	15691105	15691105	-	0.7	0.642857142857143	0.380952380952381	0.175	0.4	0	0	0.0045818848629666	2
chr5	15697867	15697867	-	0.529411764705882	0.466666666666667	0.3125	0.227272727272727	0.421052631578947	0.666666666666667	0.733333333333333	0.0136922716040287	1
chr5	15702391	15702391	-	0.933333333333333	0.769230769230769	0.866666666666667	0.863636363636364	0.944444444444444	0	0	0.000251106380869217	2
chr5	15702855	15702855	+	0.8	0.909090909090909	0.714285714285714	0.5	0.538461538461538	0	0	0.0015873517575061	2
chr5	15709426	15709426	-	0.6	0.769230769230769	0	0.0256410256410256	0.05	0.428571428571429	0	0.0284171298846873	1
chr5	25779232	25779232	-	1	1	0.9	1	1	0	0	2.33377675091599e-05	2
chr5	25938627	25938627	-	0.375	0.4	0.3	0	0	0.5625	0.833333333333333	0.0335722954395496	1
chr5	25942291	25942291	-	0.823529411764706	1	0.769230769230769	0.666666666666667	0.916666666666667	0	0	0.00196705572523468	2
chr5	26004598	26004598	-	0	0	0.636363636363636	0.916666666666667	0.9	1	1	0.00163635549096324	5
chr5	26007290	26007290	+	0.428571428571429	0.307692307692308	0	0	0	0.0526315789473684	0.210526315789474	0.0117048432043312	1
chr5	26007356	26007356	+	0.0952380952380952	0.230769230769231	0.166666666666667	0.1	0	0.444444444444444	0.4	0.022238196151118	1
chr5	32739321	32739321	+	0.951807228915663	0.95959595959596	0.85	0.759259259259259	0.836363636363636	0.530612244897959	0.58695652173913	0.00142482185822068	2
chr5	32739333	32739333	+	0.881720430107527	0.872727272727273	0.661764705882353	0.650793650793651	0.568965517241379	0.377049180327869	0.41	0.000570130405975721	2
chr5	32739345	32739345	+	0.896907216494845	0.890625	0.684931506849315	0.619047619047619	0.711864406779661	0.348837209302326	0.398148148148148	0.000431554150689864	2
chr5	87945085	87945085	-	1	0.9	0.6	0	0	1	0.947368421052632	0.0393585576352179	1
chr5	88457268	88457268	+	0.636363636363636	0.769230769230769	0	0.307692307692308	0	0.833333333333333	0.769230769230769	0.0084118220113115	1
chr5	93661439	93661439	+	0.266666666666667	0.333333333333333	0	0	0	0.05	0.153846153846154	0.0043025878546755	2
chr5	93662483	93662483	+	0.7	0.714285714285714	0	0.545454545454545	0	0.928571428571429	0.923076923076923	0.0448818342241425	1
chr5	93662484	93662484	-	0.7	0.5	0	0.384615384615385	0	0.846153846153846	0.909090909090909	0.0207692743005671	1
chr5	93683279	93683279	-	0.555555555555556	0.714285714285714	0.2	0	0	0.4	0.428571428571429	0.00784724274013604	1
chr5	93687682	93687682	+	0.5	0.909090909090909	0	0	0	0.5	0.533333333333333	0.0123266025912956	1
chr5	94454784	94454784	-	1	0.888888888888889	0	0	0.538461538461538	0.923076923076923	0.8	0.0347113201447482	1
chr5	94455723	94455723	+	0.88235294117647	0.666666666666667	0	0.454545454545455	0	0.714285714285714	0.791666666666667	0.0412954219520523	1
chr5	94547435	94547435	-	0.8	0.5	0.4	0	0	0.785714285714286	0.769230769230769	0.0414588462269616	1
chr5	94724331	94724331	-	0	0	1	1	1	1	0.958333333333333	3.8103947568968e-07	5
chr5	95010692	95010692	+	0.636363636363636	0.545454545454545	0.833333333333333	0.909090909090909	0.818181818181818	0.782608695652174	0.909090909090909	0.0222297166031001	5
chr5	95249046	95249046	-	0.7	0.944444444444444	0	0.454545454545455	0	0.6875	0.75	0.041037925382671	1
chr5	100571133	100571133	+	0	0.307692307692308	0	0	0	0.363636363636364	0.4	0.0463520472772104	1
chr5	101674404	101674404	-	1	1	0	0.666666666666667	0	1	1	0.0493827160493827	1
chr5	127010908	127010908	+	0.416666666666667	0.608695652173913	0	0	0.1875	0.523809523809524	0.363636363636364	0.0236510047082824	1
chr5	139736957	139736957	-	0.727272727272727	0.818181818181818	0.6	0	0	1	1	0.0489556345543773	1
chr5	145649623	145649623	+	0.722222222222222	0.533333333333333	0.3	0	0	0.25	0.4	0.0442273884333107	1
chr5	145652716	145652716	-	0.666666666666667	0.533333333333333	0.333333333333333	0	0	0.583333333333333	0.6	0.0292438114345515	1
chr5	145662307	145662307	-	0.9	0.818181818181818	0	0	0.473684210526316	0.818181818181818	0.6875	0.032713232721532	1
chr5	145670609	145670609	+	0.846153846153846	0.941176470588235	0	0	0.571428571428571	0.916666666666667	1	0.0380268270477156	1
chr5	145675984	145675984	+	1	0.916666666666667	0	0.538461538461538	0	0.894736842105263	0.888888888888889	0.0290690865541217	1
chr5	145678198	145678198	+	0.941176470588235	0.695652173913043	0.384615384615385	0	0	0.571428571428571	0.75	0.0318908219179961	1
chr5	145678727	145678727	+	0.818181818181818	1	0.5	0	0	1	1	0.0212873633306605	1
chr5	145682296	145682296	-	0.8125	1	0.545454545454545	0	0	0.947368421052632	0.916666666666667	0.0354696391811744	1
chr5	145687152	145687152	-	1	0.954545454545455	0.416666666666667	0	0	0.866666666666667	0.846153846153846	0.0100127772333626	1
chr5	146261251	146261251	-	0.285714285714286	0	0	0	0	0.421052631578947	0.583333333333333	0.0223089227767045	1
chr5	146261259	146261259	-	0.285714285714286	0.0909090909090909	0	0	0	0.31578947368421	0.333333333333333	0.0161706716679175	1
chr5	146261286	146261286	-	0.238095238095238	0	0	0.2	0	0.578947368421053	0.727272727272727	0.0157416094980392	1
chr5	146261293	146261293	-	0.294117647058824	0.272727272727273	0	0	0	0.555555555555556	0.636363636363636	6.52264848468873e-05	1
chr5	146261297	146261297	-	0.294117647058824	0.272727272727273	0	0	0	0.578947368421053	0.727272727272727	0.000459576704743672	1
chr5	146261311	146261311	-	0.1875	0.0909090909090909	0	0	0	0.368421052631579	0.6	0.00985682024291737	1
chr5	146261314	146261314	-	0.0625	0.0909090909090909	0	0	0	0.421052631578947	0.454545454545455	1.55204134801423e-05	3
chr5	146261319	146261319	-	0.3	0.208333333333333	0.176470588235294	0.12	0.1875	0.454545454545455	0.481481481481481	0.00350835101839165	1
chr5	146261321	146261321	-	0.153846153846154	0	0	0	0	0.473684210526316	0.454545454545455	0.00174860163914054	1
chr6	3182842	3182842	-	0.333333333333333	0.428571428571429	0.25	0	0	0.625	0.636363636363636	0.0124518523523236	1
chr6	3183122	3183122	-	0.25	0.272727272727273	0.368421052631579	0	0	0.769230769230769	0.9	0.018112338873936	1
chr6	3183907	3183907	+	0.392857142857143	0.428571428571429	0.588235294117647	0.5	0.7	0.80952380952381	0.727272727272727	0.0251245179419026	5
chr6	3191903	3191903	+	0.727272727272727	0.727272727272727	0.4	0	0	0.833333333333333	0.642857142857143	0.0283894693656531	1
chr6	3201555	3201555	-	0.345454545454545	0.348837209302326	0.465116279069767	0.607142857142857	0.590909090909091	0.555555555555556	0.673469387755102	0.0364087660546288	5
chr6	13040011	13040011	+	0.545454545454545	0.833333333333333	0	0	0.181818181818182	1	0.8	0.00630064038664863	1
chr6	23460380	23460380	-	1	0.933333333333333	0	0.636363636363636	0	0.933333333333333	1	0.0481621058839461	1
chr6	30804613	30804613	-	1	0.8	0.461538461538462	0	0	0.842105263157895	0.733333333333333	0.0283845348246468	1
chr6	31060547	31060547	+	0.538461538461538	0.727272727272727	0	0.4	0	1	1	0.0138139131666935	1
chr6	47744008	47744008	+	0.75609756097561	0.576923076923077	0.958333333333333	0.954545454545455	1	1	0.894736842105263	0.0239101594409725	5
chr6	47745990	47745990	+	0.769230769230769	0.621621621621622	0.947368421052632	0.9375	0.952380952380952	0.9	0.934782608695652	0.0152108420443364	5
chr6	47748348	47748348	+	0.736842105263158	0.607142857142857	0.88235294117647	0.888888888888889	0.947368421052632	1	0.888888888888889	0.0252841219496178	5
chr6	48236803	48236803	+	0	0	1	1	1	1	1	2.62267123282749e-64	5
chr6	58603755	58603755	-	0.529411764705882	0.791666666666667	0.3	0	0	0.423076923076923	0.53125	0.0385248418993568	1
chr6	81866387	81866387	-	1	0.888888888888889	0	0.266666666666667	0.5	1	0.88235294117647	0.0212770389807258	1
chr6	147078517	147078517	-	1	1	0.823529411764706	0.8	0.769230769230769	0.769230769230769	0.642857142857143	0.00876236269451957	2
chr7	12041570	12041570	-	0.846153846153846	0.571428571428571	0	0	0.5	0.928571428571429	0.916666666666667	0.0442222577934622	1
chr7	15288394	15288394	-	1	0.944444444444444	0.5	0	0	1	1	0.0162362411306693	1
chr7	15308505	15308505	-	0.615384615384615	0.363636363636364	0.1	0	0	0.153846153846154	0.333333333333333	0.0318272320817344	1
chr7	15397145	15397145	+	0.6875	0.80952380952381	0	0.25	0	0.529411764705882	0.571428571428571	0.00612748546048047	1
chr7	15419705	15419705	+	0.5625	0.416666666666667	0.4	0	0	0.833333333333333	0.833333333333333	0.0270197561935314	1
chr7	15434656	15434656	-	0.625	0.833333333333333	0	0.384615384615385	0	0.6	0.68421052631579	0.0347862828881252	1
chr7	15533963	15533963	+	0.7	0.666666666666667	0	0.363636363636364	0	0.578947368421053	0.6	0.025885245931865	1
chr7	22816973	22816973	-	0.2	0.615384615384615	0	0	0.0833333333333333	0.565217391304348	0.705882352941177	0.0311829253424643	1
chr7	22844450	22844450	+	0.761904761904762	0.7	0.4	0	0	0.916666666666667	0.692307692307692	0.0260265796926684	1
chr7	22872994	22872994	-	0.6875	0.769230769230769	0.461538461538462	0	0	0.647058823529412	0.866666666666667	0.0491329790650069	1
chr7	22889788	22889788	+	0.923076923076923	1	0	0	0.545454545454545	0.916666666666667	1	0.0271525926695638	1
chr7	43175405	43175405	+	0.909090909090909	0.846153846153846	0.5	0	0	0.733333333333333	0.588235294117647	0.0445840497580866	1
chr7	43195428	43195428	-	0.52	0.466666666666667	0.3	0.230769230769231	0	0.6	0.666666666666667	0.0260148132703412	1
chr7	59748305	59748305	+	0.72	0.857142857142857	0	0	0.5	0.894736842105263	0.826086956521739	0.0371746180723071	1
chr7	59797300	59797300	+	0.933333333333333	1	0	0	0.615384615384615	0.894736842105263	0.91304347826087	0.0472282961396611	1
chr7	59861100	59861100	+	0.857142857142857	0.733333333333333	0	0	0.2	0.944444444444444	1	0.000876632115166333	1
chr7	68450069	68450069	+	0.5	0.833333333333333	0.272727272727273	0	0	0.454545454545455	0.5	0.03883740159078	1
chr7	99654490	99654490	-	0.714285714285714	0.909090909090909	0	0.4	0	0.833333333333333	0.769230769230769	0.0199267199831104	1
chr7	106271072	106271072	+	0.6	0.6875	0	0.454545454545455	0	0.8	0.722222222222222	0.045392785609335	1
chr7	122393870	122393870	-	0.3	0.153846153846154	0.181818181818182	0	0	0.615384615384615	0.916666666666667	0.0126505628710054	1
chr7	123129549	123129549	-	1	1	0	0.5	0	1	1	0.0150815635580179	1
chr7	129334072	129334072	-	0.818181818181818	0.9	0.4	0	0	0.5	0.454545454545455	0.0220855884715804	1
chr7	130443523	130443523	-	0.909090909090909	0.944444444444444	0.933333333333333	1	1	0	0	7.43208220625568e-06	2
chr7	130443538	130443538	-	1	0.941176470588235	1	1	1	0	0	1.53171257719826e-06	2
chr7	130443553	130443553	-	1	0.764705882352941	1	0.9	0.88235294117647	0	0	0.000858338115802172	2
chr8	12811414	12811414	+	0.454545454545455	0.545454545454545	0	0.181818181818182	0	0.5	0.333333333333333	0.0158512823556114	1
chr8	15519858	15519858	-	0.229885057471264	0.147058823529412	0.4375	0.484848484848485	0.463414634146341	0.463235294117647	0.421052631578947	0.00260605566461591	5
chr8	15519943	15519943	+	0.243243243243243	0.206896551724138	0.269230769230769	0.290322580645161	0.363636363636364	0.583333333333333	0.454545454545455	0.0166938818668185	3
chr8	15519949	15519949	-	0.03125	0.04	0	0	0.0666666666666667	0.43859649122807	0.432432432432432	0.000157104676722254	3
chr8	15519961	15519961	-	0	0	0	0	0	0.274509803921569	0.388059701492537	0.0015598284865119	3
chr8	15519991	15519991	-	0.542857142857143	0.555555555555556	0.294117647058824	0.333333333333333	0.352941176470588	0.931034482758621	0.727272727272727	0.00481680391713153	1
chr8	15519992	15519992	-	0.0952380952380952	0.102564102564103	0	0	0	0.416666666666667	0.26	0.00658540979636536	1
chr8	19703423	19703423	-	0.540540540540541	0.621621621621622	0.333333333333333	0.375	0.214285714285714	0.3	0.375	0.0283660226463635	2
chr8	19705796	19705796	-	0.666666666666667	0.620689655172414	0.675675675675676	0.866666666666667	0.785714285714286	0.96551724137931	0.902439024390244	0.0408722270944438	3
chr8	19712120	19712120	-	0.25	0.2	0	0	0.1	0.357142857142857	0.347826086956522	0.00342365702237393	1
chr8	19713465	19713465	-	0.692307692307692	0.88235294117647	1	1	0.944444444444444	0.666666666666667	0.705882352941177	0.0243910359396147	4
chr8	19717572	19717572	-	0.9375	0.941176470588235	0.6	0	0	0.875	1	0.0439161820716318	1
chr8	19764414	19764414	+	0.416666666666667	0.611111111111111	0	0.266666666666667	0	0.611111111111111	0.454545454545455	0.0380989794206587	1
chr8	19785005	19785005	+	0.333333333333333	0.3	0.19047619047619	0.153846153846154	0.142857142857143	0.416666666666667	0.466666666666667	0.000944083351866653	1
chr8	20122722	20122722	+	0.142857142857143	0	0	0	0	0.277777777777778	0.285714285714286	0.00899445227310449	1
chr8	20122739	20122739	+	0.0967741935483871	0.153846153846154	0	0.0952380952380952	0.0833333333333333	0.260869565217391	0.4	0.0241779407213003	1
chr8	20151685	20151685	+	0.6	0.578947368421053	0	0.3	0	0.611111111111111	0.458333333333333	0.0265818950099437	1
chr8	20284958	20284958	-	0.5	0.363636363636364	0	0	0.181818181818182	0.25	0.0769230769230769	0.0465559933881458	1
chr8	20297017	20297017	-	0.15	0.285714285714286	0	0.142857142857143	0	0.285714285714286	0.375	0.0442576942864789	1
chr8	20297022	20297022	-	0.157894736842105	0.333333333333333	0	0.133333333333333	0	0.307692307692308	0.3125	0.0476815902019829	1
chr8	20297052	20297052	-	0.142857142857143	0.333333333333333	0	0	0	0.4	0.416666666666667	0.00652192596100094	1
chr8	20302970	20302970	-	0.857142857142857	0.694444444444444	0.428571428571429	0	0	0.647058823529412	0.6	0.0391369972460447	1
chr8	20403809	20403809	+	0.5	0.285714285714286	0	0	0	0.2	0.125	0.0149159757065203	1
chr8	20583373	20583373	-	0.714285714285714	0.703703703703704	0.3	0	0	0.842105263157895	0.636363636363636	0.011731364190133	1
chr8	20591113	20591113	+	0.666666666666667	0.692307692307692	0	0.166666666666667	0.416666666666667	0.652173913043478	0.666666666666667	0.0345452321303652	1
chr8	25869977	25869977	+	0.75	1	1	1	1	0	0	0.000544444444444446	4
chr8	29199629	29199629	-	0.727272727272727	0.764705882352941	0.9	1	1	1	1	0.00718239961875338	5
chr8	81802394	81802394	-	0.466666666666667	0.466666666666667	0	0.3	0	0.666666666666667	0.454545454545455	0.0460046477496876	1
chr8	81802407	81802407	-	0.578947368421053	0.266666666666667	0	0.2	0	0.636363636363636	0.727272727272727	0.0208510790829903	1
chr8	123600750	123600750	+	0.80952380952381	0.8125	0.363636363636364	0	0	0.769230769230769	0.8	0.0102813128263936	1
chr9	3009881	3009881	+	0.673469387755102	0.564102564102564	0.878787878787879	0.846153846153846	0.909090909090909	0.717391304347826	0.6	0.016800034269891	4
chr9	3011427	3011427	+	0.521739130434783	0.6	0	0.363636363636364	0	0.666666666666667	0.5625	0.0418132090947397	1
chr9	3018416	3018416	+	0.484848484848485	0.470588235294118	0.846153846153846	0.733333333333333	0.6875	0.586206896551724	0.37037037037037	0.0472913066030972	4
chr9	3028767	3028767	-	0.25	0.461538461538462	0.272727272727273	0.333333333333333	0.416666666666667	0.7	0.7	0.0241374722350865	3
chr9	3028885	3028885	+	0.581395348837209	0.558139534883721	0.80952380952381	0.714285714285714	0.75	0.886363636363636	0.8	0.00963245496105012	5
chr9	3029031	3029031	+	1	1	0.8	0.727272727272727	0.866666666666667	0	0.5	0.0323944775694848	2
chr9	3029059	3029059	+	1	1	1	1	0.846153846153846	0	0	0.000134425540852762	2
chr9	3035730	3035730	-	0.438202247191011	0.414634146341463	0.389830508474576	0.58	0.471698113207547	0.768292682926829	0.678571428571429	0.0318914791238429	3
chr9	3038006	3038006	-	0.933333333333333	0.740740740740741	0.91304347826087	0.736842105263158	0.909090909090909	0	0	0.0013315433972787	2
chr9	11070236	11070236	+	0.714285714285714	0.75	0.454545454545455	0	0	0.833333333333333	0.9	0.0256273201312914	1
chr9	56223614	56223614	+	0.523809523809524	0.45	0.3	0.482758620689655	0.391304347826087	0.760869565217391	0.658536585365854	0.0278691541149737	1
chrX	19564876	19564876	+	1	1	0.588235294117647	0	0	0.875	1	0.0354957947522175	1
chrX	31132242	31132242	-	0.75	0.789473684210526	0	0	0.454545454545455	0.766666666666667	0.9	0.0283305125536701	1
chrX	31179034	31179034	-	0.4	0.416666666666667	0	0	0	0.454545454545455	0.411764705882353	1.19306183935389e-05	1
chrX	31195862	31195862	-	0.75	0.722222222222222	0	0.416666666666667	0	0.9	0.923076923076923	0.0149666136794163	1
chrX	31234870	31234870	+	0.916666666666667	0.88235294117647	0.5	0.576923076923077	0.454545454545455	0.954545454545455	0.8125	0.00469674687930004	1
chrX	31731713	31731713	-	0.647058823529412	0.8	0	0	0.363636363636364	0.555555555555556	0.789473684210526	0.033008470675516	1
chrX	31736985	31736985	+	0.666666666666667	0.5	0	0	0.25	0.434782608695652	0.454545454545455	0.020131010290921	1
chrX	31738572	31738572	+	0.956521739130435	1	0	0.636363636363636	0	1	1	0.043006717693971	1
chrX	33081101	33081101	-	0.545454545454545	0.769230769230769	0	0.5	0	0.875	0.9	0.0482647103601647	1
chrX	33929856	33929856	-	0.578947368421053	0.388888888888889	0	0.3	0	0.517241379310345	0.611111111111111	0.0431140423832513	1
chrX	34334280	34334280	-	0.928571428571429	0.85	0	0.5	0	1	0.928571428571429	0.0217471080817267	1
chrX	169973122	169973122	-	0.71875	0.941176470588235	0.4	0.428571428571429	0.5	0.4	0.409090909090909	0.0130645407794791	2
chrX	169978999	169978999	+	0.625	0.62962962962963	0.3125	0.25	0	0.222222222222222	0.19047619047619	0.0292855327708956	2
chrX	169979068	169979068	+	0.972222222222222	0.95	0.571428571428571	0.5625	0.5	0.446808510638298	0.68421052631579	0.0135806416541864	2
chrX	169979078	169979078	+	0.857142857142857	0.833333333333333	0.523809523809524	0.388888888888889	0.3	0.340425531914894	0.545454545454545	0.0231146412783163	2
chrX	169979204	169979204	+	0.555555555555556	0.44	0.2	0.181818181818182	0	0	0.05	0.0127590410373358	2
chrX	169979253	169979253	+	0.548387096774194	0.44	0.2	0	0.214285714285714	0.0869565217391304	0	0.0200668246572984	2
chrX	169979254	169979254	-	0.36	0.392857142857143	0	0.153846153846154	0	0.0606060606060606	0.157894736842105	0.0183652342743956	2
chrX	169979278	169979278	+	0.6	0.407407407407407	0.230769230769231	0	0	0	0.105263157894737	0.0321214681321157	2
chrX	169979281	169979281	+	0.56	0.384615384615385	0.166666666666667	0	0	0.02	0.0952380952380952	0.0167407575687835	2
chrX	169979282	169979282	-	0.377358490566038	0.357142857142857	0.0769230769230769	0.125	0	0	0.0476190476190476	0.00357207875185907	2
chrX	169979294	169979294	-	0.530612244897959	0.428571428571429	0.142857142857143	0.0416666666666667	0	0.0789473684210526	0.15	0.00562814176873895	2
chrX	169979301	169979301	-	0.44	0.5	0.133333333333333	0.125	0	0.121951219512195	0.142857142857143	0.00407290748668581	2
chrX	169979324	169979324	+	0.633333333333333	0.727272727272727	0.285714285714286	0.166666666666667	0.2	0.155555555555556	0.4	0.0169663248696627	2
chrX	169979325	169979325	-	0.463414634146341	0.53125	0.0833333333333333	0.24	0	0.159090909090909	0.241379310344828	0.0251252831846455	2
chrX	169979334	169979334	+	0.518518518518518	0.409090909090909	0.142857142857143	0.181818181818182	0.0714285714285714	0.0238095238095238	0.214285714285714	0.0248543072495677	2
chrX	169979335	169979335	-	0.390243902439024	0.433333333333333	0	0.125	0	0.02	0.15625	0.0106625478356078	2
chrX	169979338	169979338	+	0.791666666666667	0.636363636363636	0.25	0.181818181818182	0.0769230769230769	0.219512195121951	0.571428571428571	0.0401715282394105	1
chrX	169987216	169987216	-	0.595238095238095	0.555555555555556	0.181818181818182	0.181818181818182	0	0.411764705882353	0.791666666666667	0.0408285706400849	1
chrX	169987429	169987429	+	0.516129032258065	0.580645161290323	0.2	0.263157894736842	0	0.463414634146341	0.652173913043478	0.0304667771717297	1
chrX	169996599	169996599	+	0.52	0.461538461538462	0	0	0.181818181818182	0.45	0.692307692307692	0.0146444194022535	1
chrX	170736158	170736158	+	0.375	0.333333333333333	0.68421052631579	0.55	0.5	0.608695652173913	0.761904761904762	0.0442251149622565	5
chrX	170813725	170813725	-	0.421052631578947	0.466666666666667	0	0	0.230769230769231	0.88235294117647	0.80952380952381	0.00270307239265038	1
chrY	89269546	89269546	-	0.533333333333333	0.285714285714286	0	0	0.0909090909090909	0.545454545454545	0.478260869565217	0.0109955089937344	1
chrY	90740548	90740548	+	0.538461538461538	0.576923076923077	0.32	0.153846153846154	0	0.361702127659574	0.479166666666667	0.0490986250860073	1
chrY	90761399	90761399	-	1	0.923076923076923	0	0.6	0	0.909090909090909	1	0.040210527792776	1
chrY	90761458	90761458	-	1	0.8125	0.571428571428571	0	0	0.833333333333333	1	0.0477354562267986	1
chrY	90787969	90787969	-	1	1	0.666666666666667	0	0	1	1	0.0493827160493827	1
chrY	90799436	90799436	+	0.756756756756757	0.448275862068966	0	0.142857142857143	0	0.317073170731707	0.5	0.0269081640297842	1
chrY	90800260	90800260	+	0.941176470588235	0.866666666666667	0.384615384615385	0	0	0.785714285714286	0.947368421052632	0.0108611911446006	1
chrY	90800716	90800716	-	0.625	0.625	0.25	0.243243243243243	0.1	0.209302325581395	0.270833333333333	0.00393784168476415	2
chrY	90800757	90800757	-	0.582089552238806	0.352941176470588	0.1	0.125	0	0.148148148148148	0.146341463414634	0.0231344840449009	1
chrY	90800777	90800777	+	0.461538461538462	0.466666666666667	0.0714285714285714	0.222222222222222	0	0	0.107142857142857	0.016600199546285	2
chrY	90800778	90800778	-	0.656716417910448	0.627450980392157	0.0476190476190476	0.34375	0.214285714285714	0.037037037037037	0.1	0.0124992001068217	2
chrY	90803696	90803696	-	0.689655172413793	0.666666666666667	0.476190476190476	0.31578947368421	0.333333333333333	0.266666666666667	0.44	0.0326834670956558	2
chrY	90805140	90805140	-	0.564516129032258	0.694444444444444	0.368421052631579	0.285714285714286	0.428571428571429	0.176470588235294	0.188679245283019	0.00717336909954379	2
chrY	90805180	90805180	+	0.382978723404255	0.333333333333333	0.0555555555555556	0	0	0.037037037037037	0.0606060606060606	0.000510465840262581	2
chrY	90805201	90805201	+	0.526315789473684	0.56	0.125	0.1875	0	0.0196078431372549	0.114285714285714	0.00531722283304445	2
chrY	90805202	90805202	-	0.516129032258065	0.558823529411765	0.344827586206897	0.222222222222222	0.444444444444444	0.09375	0.0769230769230769	0.012462431207003	2
chrY	90807786	90807786	-	0.7	0.462962962962963	0	0	0	0.157894736842105	0.333333333333333	0.00935902760041245	1
chrY	90807806	90807806	+	0.658536585365854	0.4	0.227272727272727	0.166666666666667	0.0909090909090909	0.0677966101694915	0.21875	0.0449400488277624	2
chrY	90807807	90807807	-	0.761904761904762	0.673469387755102	0.5	0.5	0.2	0.150943396226415	0.2	0.032205997590036	2
chrY	90807851	90807851	+	0.853658536585366	0.772727272727273	0.428571428571429	0.4375	0.6	0.511627906976744	0.611111111111111	0.0289211414635877	2
chrY	90808435	90808435	+	0.607142857142857	0.818181818181818	0.4	0.0666666666666667	0	0.173913043478261	0	0.0430333865836116	2
chrY	90808436	90808436	-	0.608695652173913	0.65	0.347826086956522	0.227272727272727	0.181818181818182	0.282608695652174	0.151515151515152	0.00979125043573977	2
chrY	90808579	90808579	-	0.634920634920635	0.531914893617021	0.294117647058824	0.375	0.210526315789474	0.294117647058824	0.419354838709677	0.0410328627065828	2
chrY	90808837	90808837	+	0.568181818181818	0.555555555555556	0	0	0	0.0588235294117647	0.0285714285714286	1.58933692172249e-06	2
chrY	90808838	90808838	-	0.460526315789474	0.575	0.130434782608696	0.161290322580645	0.111111111111111	0	0	0.000670430797692279	2
chrY	90808870	90808870	-	0.816901408450704	0.829787234042553	0.46875	0.466666666666667	0.764705882352941	0.384615384615385	0.285714285714286	0.0444942920301845	2
chrY	90808877	90808877	+	0.688888888888889	0.645161290322581	0	0.3125	0	0.272727272727273	0.166666666666667	0.0233597739717801	2
chrY	90808878	90808878	-	0.73134328358209	0.75	0.451612903225806	0.571428571428571	0.6875	0.276923076923077	0	0.0209589836029136	2
